Seed,Feature Type,Label,Train Loss,Train Accuracy,Test Loss,Test Accuracy,Weight Norm,Cosine Sim Input-Recons,Cosine Sim Input-Diff,Cosine Sim Recons-Diff
0,sae_input,label,0.17509478330612183,0.9728373885154724,0.4230019152164459,0.9666109681129456,3.5340781211853027,0.5461387634277344,0.5180760622024536,-0.0963127389550209
0,sae_recons,label,0.1458321064710617,0.9694943428039551,0.21242572367191315,0.9682804346084595,3.269113302230835,0.5461387634277344,0.5180760622024536,-0.0963127389550209
0,sae_diff,label,0.033121563494205475,0.9887170791625977,0.07307188212871552,0.9849749207496643,2.4947288036346436,0.5461387634277344,0.5180760622024536,-0.0963127389550209
1,sae_input,label,0.4052358865737915,0.967822790145874,0.41865453124046326,0.9666109681129456,3.63128399848938,0.5250887870788574,0.4691351056098938,-0.09139610826969147
1,sae_recons,label,0.13982084393501282,0.9749268293380737,0.2589609622955322,0.9549248218536377,3.7901601791381836,0.5250887870788574,0.4691351056098938,-0.09139610826969147
1,sae_diff,label,0.16022822260856628,0.9611366391181946,0.20027442276477814,0.9532554149627686,3.02044939994812,0.5250887870788574,0.4691351056098938,-0.09139610826969147
2,sae_input,label,0.036051537841558456,0.9958211183547974,0.012448149733245373,0.9949916005134583,3.5689384937286377,0.5310370326042175,0.49354445934295654,-0.06757167726755142
2,sae_recons,label,0.13774709403514862,0.9832845330238342,0.09916374832391739,0.9833054542541504,3.2511820793151855,0.5310370326042175,0.49354445934295654,-0.06757167726755142
2,sae_diff,label,0.0847068578004837,0.9870455265045166,0.07923317700624466,0.9899832606315613,3.529395341873169,0.5310370326042175,0.49354445934295654,-0.06757167726755142
3,sae_input,label,0.05912473797798157,0.992060124874115,0.0883534848690033,0.9849749207496643,3.079341173171997,0.5287808775901794,0.514941930770874,-0.05004049837589264
3,sae_recons,label,0.06645304709672928,0.9882991909980774,0.0727379098534584,0.9849749207496643,3.425144910812378,0.5287808775901794,0.514941930770874,-0.05004049837589264
3,sae_diff,label,0.00492341723293066,0.9991642236709595,0.00023314665304496884,1.0,3.6423537731170654,0.5287808775901794,0.514941930770874,-0.05004049837589264
4,sae_input,label,0.27962344884872437,0.9765983819961548,0.2540130913257599,0.9749582409858704,4.098766803741455,0.5332903861999512,0.47985216975212097,-0.127573624253273
4,sae_recons,label,0.3198503255844116,0.9465106129646301,0.3903850317001343,0.9365609288215637,3.102886438369751,0.5332903861999512,0.47985216975212097,-0.127573624253273
4,sae_diff,label,0.4819720387458801,0.9368992447853088,0.5640881061553955,0.9248747825622559,4.111207962036133,0.5332903861999512,0.47985216975212097,-0.127573624253273
5,sae_input,label,0.2715100049972534,0.9699122309684753,0.37035590410232544,0.9666109681129456,3.8523175716400146,0.5168991684913635,0.4863400161266327,-0.08241850137710571
5,sae_recons,label,0.08385781943798065,0.9870455265045166,0.5437866449356079,0.9699499011039734,3.495100498199463,0.5168991684913635,0.4863400161266327,-0.08241850137710571
5,sae_diff,label,0.0070678964257240295,0.998328447341919,0.1099059209227562,0.9866443872451782,3.011079788208008,0.5168991684913635,0.4863400161266327,-0.08241850137710571
6,sae_input,label,0.4043540358543396,0.9310488700866699,0.3747509717941284,0.9365609288215637,2.9781970977783203,0.5490673184394836,0.5018252730369568,-0.0833495706319809
6,sae_recons,label,0.18098995089530945,0.9665691256523132,0.1875687837600708,0.9649415612220764,3.600555419921875,0.5490673184394836,0.5018252730369568,-0.0833495706319809
6,sae_diff,label,0.003228120505809784,0.9987463355064392,0.0045144809409976006,0.9983305335044861,2.65995192527771,0.5490673184394836,0.5018252730369568,-0.0833495706319809
7,sae_input,label,0.03952270373702049,0.9954032301902771,0.161367267370224,0.9899832606315613,3.62208890914917,0.5134447813034058,0.5051367282867432,-0.09002187848091125
7,sae_recons,label,0.04341219365596771,0.993731677532196,0.20072156190872192,0.9866443872451782,3.731248140335083,0.5134447813034058,0.5051367282867432,-0.09002187848091125
7,sae_diff,label,0.012400912120938301,0.9974926710128784,0.061574071645736694,0.9949916005134583,3.361828565597534,0.5134447813034058,0.5051367282867432,-0.09002187848091125
8,sae_input,label,0.24517227709293365,0.9557040929794312,0.22325049340724945,0.9682804346084595,3.0976192951202393,0.5273974537849426,0.4960281550884247,-0.08214840292930603
8,sae_recons,label,0.044930439442396164,0.9891349673271179,0.12635153532028198,0.9833054542541504,3.327064275741577,0.5273974537849426,0.4960281550884247,-0.08214840292930603
8,sae_diff,label,0.01929613947868347,0.9970747828483582,0.013951854780316353,0.9983305335044861,4.153292655944824,0.5273974537849426,0.4960281550884247,-0.08214840292930603
9,sae_input,label,0.027684040367603302,0.9945674538612366,0.02174614928662777,0.9933221936225891,3.2629597187042236,0.5250510573387146,0.514621376991272,-0.07477426528930664
9,sae_recons,label,0.2585788369178772,0.9573756456375122,0.20235192775726318,0.9682804346084595,3.685023546218872,0.5250510573387146,0.514621376991272,-0.07477426528930664
9,sae_diff,label,0.03792824223637581,0.9945674538612366,0.027294864878058434,0.9949916005134583,3.7904646396636963,0.5250510573387146,0.514621376991272,-0.07477426528930664
10,sae_input,label,0.08912570774555206,0.984538197517395,0.04846034571528435,0.9866443872451782,3.1814775466918945,0.5125916004180908,0.5171124339103699,-0.09826338291168213
10,sae_recons,label,0.13145092129707336,0.9803593754768372,0.1285780519247055,0.9782971143722534,3.6008238792419434,0.5125916004180908,0.5171124339103699,-0.09826338291168213
10,sae_diff,label,0.01753026247024536,0.9974926710128784,0.01971471682190895,0.9983305335044861,4.129785537719727,0.5125916004180908,0.5171124339103699,-0.09826338291168213
11,sae_input,label,0.15371325612068176,0.9824487566947937,0.2378629595041275,0.9782971143722534,3.489476203918457,0.5244394540786743,0.5045356154441833,-0.10063554346561432
11,sae_recons,label,0.08395877480506897,0.9878813028335571,0.17770421504974365,0.9816360473632812,3.1607391834259033,0.5244394540786743,0.5045356154441833,-0.10063554346561432
11,sae_diff,label,0.0028477213345468044,0.9991642236709595,0.029088040813803673,0.9949916005134583,3.1851816177368164,0.5244394540786743,0.5045356154441833,-0.10063554346561432
12,sae_input,label,0.24160659313201904,0.9607187509536743,0.21531423926353455,0.9666109681129456,2.9713077545166016,0.5251896977424622,0.5152673721313477,-0.050781212747097015
12,sae_recons,label,0.24912458658218384,0.9765983819961548,0.1895482838153839,0.9782971143722534,3.7114145755767822,0.5251896977424622,0.5152673721313477,-0.050781212747097015
12,sae_diff,label,0.0049165901727974415,0.9987463355064392,0.00072579673724249,1.0,3.1427488327026367,0.5251896977424622,0.5152673721313477,-0.050781212747097015
13,sae_input,label,0.044574134051799774,0.992060124874115,0.02253197319805622,0.9949916005134583,2.9750816822052,0.5497945547103882,0.46737343072891235,-0.07811581343412399
13,sae_recons,label,0.5597982406616211,0.9293773174285889,0.49975481629371643,0.9315525889396667,3.360689878463745,0.5497945547103882,0.46737343072891235,-0.07811581343412399
13,sae_diff,label,0.1371559053659439,0.9628081321716309,0.08983774483203888,0.9666109681129456,3.51234769821167,0.5497945547103882,0.46737343072891235,-0.07811581343412399
14,sae_input,label,0.057928189635276794,0.9866276383399963,0.08045664429664612,0.9833054542541504,2.6059725284576416,0.5286760330200195,0.5168347954750061,-0.07028238475322723
14,sae_recons,label,0.1393965631723404,0.9724195003509521,0.26911965012550354,0.9632720947265625,3.4956512451171875,0.5286760330200195,0.5168347954750061,-0.07028238475322723
14,sae_diff,label,0.005606574006378651,0.9979105591773987,0.023184707388281822,0.9966610670089722,2.902388334274292,0.5286760330200195,0.5168347954750061,-0.07028238475322723
15,sae_input,label,0.48881006240844727,0.9364813566207886,0.5567027926445007,0.918196976184845,3.0335004329681396,0.5395681858062744,0.5034082531929016,-0.076780766248703
15,sae_recons,label,0.07907693088054657,0.984538197517395,0.08907517045736313,0.9816360473632812,3.555544376373291,0.5395681858062744,0.5034082531929016,-0.076780766248703
15,sae_diff,label,0.013976520858705044,0.9962390065193176,0.0021840794943273067,1.0,3.3024187088012695,0.5395681858062744,0.5034082531929016,-0.076780766248703
16,sae_input,label,0.17931699752807617,0.9682406783103943,0.1792231649160385,0.9616026282310486,3.112781047821045,0.5441710352897644,0.45248544216156006,-0.10308826714754105
16,sae_recons,label,0.03134745731949806,0.9949853420257568,0.07000204920768738,0.9949916005134583,3.0788164138793945,0.5441710352897644,0.45248544216156006,-0.10308826714754105
16,sae_diff,label,0.07774176448583603,0.984538197517395,0.1303417980670929,0.9849749207496643,3.127577781677246,0.5441710352897644,0.45248544216156006,-0.10308826714754105
17,sae_input,label,0.31531059741973877,0.9460927248001099,0.5422610640525818,0.918196976184845,3.3898584842681885,0.5307189226150513,0.5053688287734985,-0.11323514580726624
17,sae_recons,label,0.14367008209228516,0.9799414873123169,0.581597089767456,0.9582637548446655,3.516716241836548,0.5307189226150513,0.5053688287734985,-0.11323514580726624
17,sae_diff,label,0.008501588366925716,0.9987463355064392,0.19639365375041962,0.9866443872451782,3.9541573524475098,0.5307189226150513,0.5053688287734985,-0.11323514580726624
18,sae_input,label,0.040879812091588974,0.9949853420257568,0.1376854032278061,0.9899832606315613,2.909940004348755,0.4862288236618042,0.5224246978759766,-0.07413192093372345
18,sae_recons,label,0.050346050411462784,0.9954032301902771,0.1302097588777542,0.9899832606315613,3.3960368633270264,0.4862288236618042,0.5224246978759766,-0.07413192093372345
18,sae_diff,label,0.09844877570867538,0.9895528554916382,0.3078990876674652,0.9782971143722534,3.891756534576416,0.4862288236618042,0.5224246978759766,-0.07413192093372345
19,sae_input,label,0.0284489244222641,0.9962390065193176,0.023314576596021652,0.9966610670089722,3.5484273433685303,0.5427509546279907,0.5170469284057617,-0.07067180424928665
19,sae_recons,label,0.16110245883464813,0.984538197517395,0.15918277204036713,0.9883138537406921,3.8500730991363525,0.5427509546279907,0.5170469284057617,-0.07067180424928665
19,sae_diff,label,0.013924620114266872,0.998328447341919,0.01226397231221199,0.9966610670089722,3.9145612716674805,0.5427509546279907,0.5170469284057617,-0.07067180424928665
20,sae_input,label,0.18685245513916016,0.9862097501754761,0.09394168108701706,0.9933221936225891,4.421258449554443,0.5212818384170532,0.4904557466506958,-0.12453512102365494
20,sae_recons,label,1.8256443738937378,0.7964897155761719,1.4895387887954712,0.8280467391014099,3.443202495574951,0.5212818384170532,0.4904557466506958,-0.12453512102365494
20,sae_diff,label,0.03979923203587532,0.9908064603805542,0.0641833022236824,0.9883138537406921,3.4640796184539795,0.5212818384170532,0.4904557466506958,-0.12453512102365494
21,sae_input,label,0.1598053127527237,0.9791057109832764,0.2490968406200409,0.9782971143722534,3.0174221992492676,0.49120330810546875,0.546332836151123,-0.05376720055937767
21,sae_recons,label,0.05281456187367439,0.9912243485450745,0.15032415091991425,0.9816360473632812,3.674513816833496,0.49120330810546875,0.546332836151123,-0.05376720055937767
21,sae_diff,label,0.019891757518053055,0.9958211183547974,0.07667597383260727,0.9899832606315613,3.661127805709839,0.49120330810546875,0.546332836151123,-0.05376720055937767
22,sae_input,label,0.01141741219907999,0.9962390065193176,0.1251218020915985,0.9916527271270752,3.3189377784729004,0.492163747549057,0.5048032402992249,-0.09571127593517303
22,sae_recons,label,0.04396094009280205,0.9928959012031555,0.09332957863807678,0.9933221936225891,2.993161678314209,0.492163747549057,0.5048032402992249,-0.09571127593517303
22,sae_diff,label,0.06374657899141312,0.9866276383399963,0.06923636794090271,0.9883138537406921,3.8181955814361572,0.492163747549057,0.5048032402992249,-0.09571127593517303
23,sae_input,label,0.04329144209623337,0.9954032301902771,0.042689744383096695,0.9949916005134583,3.5993492603302,0.5150777101516724,0.5003278255462646,-0.08305904269218445
23,sae_recons,label,0.15740759670734406,0.9841203093528748,0.20721116662025452,0.9799665808677673,3.7139084339141846,0.5150777101516724,0.5003278255462646,-0.08305904269218445
23,sae_diff,label,0.04767097905278206,0.9941495656967163,0.08784963190555573,0.9849749207496643,4.861454963684082,0.5150777101516724,0.5003278255462646,-0.08305904269218445
24,sae_input,label,0.16764360666275024,0.9765983819961548,0.27408403158187866,0.9716193079948425,3.524116039276123,0.5214307904243469,0.5172504186630249,-0.0467262901365757
24,sae_recons,label,0.0855359360575676,0.9899707436561584,0.20617558062076569,0.9799665808677673,3.466243267059326,0.5214307904243469,0.5172504186630249,-0.0467262901365757
24,sae_diff,label,0.18083420395851135,0.9619724154472351,0.2697048485279083,0.9599332213401794,2.891629695892334,0.5214307904243469,0.5172504186630249,-0.0467262901365757
25,sae_input,label,0.01592627912759781,0.9962390065193176,0.009366359561681747,0.9983305335044861,3.779721736907959,0.5209757089614868,0.4788212776184082,-0.09117849916219711
25,sae_recons,label,0.04902913421392441,0.9954032301902771,0.06432662904262543,0.9899832606315613,3.5821404457092285,0.5209757089614868,0.4788212776184082,-0.09117849916219711
25,sae_diff,label,0.02477673627436161,0.9962390065193176,0.024556340649724007,0.9983305335044861,3.822514295578003,0.5209757089614868,0.4788212776184082,-0.09117849916219711
26,sae_input,label,0.5216015577316284,0.9335561990737915,0.5242061614990234,0.9398998022079468,3.591433525085449,0.5237905383110046,0.5229541063308716,-0.056824833154678345
26,sae_recons,label,0.06586091220378876,0.992060124874115,0.08377198129892349,0.9849749207496643,3.2073421478271484,0.5237905383110046,0.5229541063308716,-0.056824833154678345
26,sae_diff,label,0.23117989301681519,0.9577935338020325,0.250432550907135,0.9599332213401794,3.167109489440918,0.5237905383110046,0.5229541063308716,-0.056824833154678345
27,sae_input,label,0.03697394207119942,0.9954032301902771,0.002691406523808837,0.9983305335044861,3.6137728691101074,0.5294309854507446,0.5228757858276367,-0.08216924220323563
27,sae_recons,label,0.06329920887947083,0.9908064603805542,0.060819149017333984,0.9916527271270752,3.2913248538970947,0.5294309854507446,0.5228757858276367,-0.08216924220323563
27,sae_diff,label,0.026503868401050568,0.9954032301902771,0.019312424585223198,0.9983305335044861,3.165358781814575,0.5294309854507446,0.5228757858276367,-0.08216924220323563
28,sae_input,label,0.07047789543867111,0.992060124874115,0.06331515312194824,0.9933221936225891,3.2786219120025635,0.54979407787323,0.5073527097702026,-0.07985836267471313
28,sae_recons,label,0.11981269717216492,0.9857918620109558,0.11821555346250534,0.9866443872451782,4.035220146179199,0.54979407787323,0.5073527097702026,-0.07985836267471313
28,sae_diff,label,0.01170289982110262,0.9979105591773987,0.01679310016334057,0.9966610670089722,3.4602081775665283,0.54979407787323,0.5073527097702026,-0.07985836267471313
29,sae_input,label,0.015635740011930466,0.9974926710128784,0.08010376244783401,0.9933221936225891,3.7727134227752686,0.54425048828125,0.5155682563781738,-0.06125779449939728
29,sae_recons,label,0.04080640524625778,0.992060124874115,0.09177840501070023,0.9916527271270752,3.7190778255462646,0.54425048828125,0.5155682563781738,-0.06125779449939728
29,sae_diff,label,0.45433756709098816,0.9151692390441895,0.5652585625648499,0.9048413634300232,3.2441177368164062,0.54425048828125,0.5155682563781738,-0.06125779449939728
30,sae_input,label,0.06512382626533508,0.9958211183547974,0.09312223643064499,0.9916527271270752,4.188319683074951,0.5233356952667236,0.48287737369537354,-0.10877316445112228
30,sae_recons,label,0.24039939045906067,0.9669870138168335,0.23064440488815308,0.9632720947265625,3.672708034515381,0.5233356952667236,0.48287737369537354,-0.10877316445112228
30,sae_diff,label,0.053438421338796616,0.9849560856819153,0.06851476430892944,0.9799665808677673,2.9812064170837402,0.5233356952667236,0.48287737369537354,-0.10877316445112228
31,sae_input,label,0.25634148716926575,0.9665691256523132,0.1801842898130417,0.9682804346084595,3.445340633392334,0.4977513551712036,0.5036451816558838,-0.07756775617599487
31,sae_recons,label,0.05318967625498772,0.9916422367095947,0.036030348390340805,0.9916527271270752,3.4366455078125,0.4977513551712036,0.5036451816558838,-0.07756775617599487
31,sae_diff,label,0.06537388265132904,0.9924780130386353,0.116733118891716,0.9883138537406921,3.7432565689086914,0.4977513551712036,0.5036451816558838,-0.07756775617599487
32,sae_input,label,0.07613148540258408,0.9924780130386353,0.0064102355390787125,0.9983305335044861,3.0794756412506104,0.5273510217666626,0.5064953565597534,-0.06951069831848145
32,sae_recons,label,0.16214129328727722,0.9849560856819153,0.08317971974611282,0.9833054542541504,3.610196113586426,0.5273510217666626,0.5064953565597534,-0.06951069831848145
32,sae_diff,label,0.070386603474617,0.9916422367095947,0.06393120437860489,0.9849749207496643,3.2549893856048584,0.5273510217666626,0.5064953565597534,-0.06951069831848145
33,sae_input,label,0.020910656079649925,0.9962390065193176,0.020416898652911186,0.9933221936225891,2.834246873855591,0.5031871199607849,0.46536093950271606,-0.12827977538108826
33,sae_recons,label,0.7566223740577698,0.9323025345802307,0.7735261917114258,0.9465776085853577,2.841256618499756,0.5031871199607849,0.46536093950271606,-0.12827977538108826
33,sae_diff,label,0.2114226520061493,0.9786878228187561,0.2431250363588333,0.9816360473632812,3.928218126296997,0.5031871199607849,0.46536093950271606,-0.12827977538108826
34,sae_input,label,0.04924240708351135,0.9945674538612366,0.09475234150886536,0.9933221936225891,3.4043850898742676,0.5460071563720703,0.478299617767334,-0.08800777792930603
34,sae_recons,label,5.154000282287598,0.7246134281158447,6.1164870262146,0.6994991302490234,4.079392910003662,0.5460071563720703,0.478299617767334,-0.08800777792930603
34,sae_diff,label,0.011104433797299862,0.9974926710128784,0.06641344726085663,0.9916527271270752,4.099311828613281,0.5460071563720703,0.478299617767334,-0.08800777792930603
35,sae_input,label,0.13478709757328033,0.9878813028335571,0.18412929773330688,0.9849749207496643,3.6089911460876465,0.5459180474281311,0.5053955912590027,-0.08560994267463684
35,sae_recons,label,0.15391916036605835,0.982866644859314,0.2608865201473236,0.9782971143722534,3.642801523208618,0.5459180474281311,0.5053955912590027,-0.08560994267463684
35,sae_diff,label,0.02822045050561428,0.9949853420257568,0.02370564639568329,0.9949916005134583,3.8636343479156494,0.5459180474281311,0.5053955912590027,-0.08560994267463684
36,sae_input,label,0.04664231464266777,0.9945674538612366,0.0394749790430069,0.9949916005134583,4.087461948394775,0.5266864895820618,0.5054768323898315,-0.10920754075050354
36,sae_recons,label,0.050865013152360916,0.9928959012031555,0.08220445364713669,0.9883138537406921,4.0276288986206055,0.5266864895820618,0.5054768323898315,-0.10920754075050354
36,sae_diff,label,0.054152995347976685,0.9949853420257568,0.04001385346055031,0.9916527271270752,4.175819396972656,0.5266864895820618,0.5054768323898315,-0.10920754075050354
37,sae_input,label,1.3022949695587158,0.8658587336540222,1.3406541347503662,0.8697829246520996,3.518484592437744,0.525282084941864,0.5080971717834473,-0.11097385734319687
37,sae_recons,label,0.13266994059085846,0.9853739738464355,0.17676623165607452,0.9833054542541504,3.989518880844116,0.525282084941864,0.5080971717834473,-0.11097385734319687
37,sae_diff,label,0.0025833460967987776,0.9987463355064392,0.049792807549238205,0.9933221936225891,3.9198861122131348,0.525282084941864,0.5080971717834473,-0.11097385734319687
38,sae_input,label,0.1841810792684555,0.9623903036117554,0.12344439327716827,0.9782971143722534,3.1613857746124268,0.5249602198600769,0.5065826773643494,-0.07958541810512543
38,sae_recons,label,0.19444729387760162,0.9761804938316345,0.186443030834198,0.9682804346084595,3.5558626651763916,0.5249602198600769,0.5065826773643494,-0.07958541810512543
38,sae_diff,label,0.00945824570953846,0.9974926710128784,0.017104139551520348,0.9949916005134583,3.15631365776062,0.5249602198600769,0.5065826773643494,-0.07958541810512543
39,sae_input,label,0.034424375742673874,0.9958211183547974,0.13408969342708588,0.9916527271270752,3.348191022872925,0.5332018136978149,0.5004004240036011,-0.07556550204753876
39,sae_recons,label,0.10739442706108093,0.9849560856819153,0.2736259400844574,0.9816360473632812,3.3069686889648438,0.5332018136978149,0.5004004240036011,-0.07556550204753876
39,sae_diff,label,0.01213372964411974,0.9974926710128784,0.08197303861379623,0.9916527271270752,2.945533275604248,0.5332018136978149,0.5004004240036011,-0.07556550204753876
40,sae_input,label,0.04218760132789612,0.9949853420257568,0.08421632647514343,0.9933221936225891,3.0586998462677,0.5381140112876892,0.5248871445655823,-0.04113207757472992
40,sae_recons,label,0.35829660296440125,0.9674049019813538,0.27746129035949707,0.9732887744903564,3.294545888900757,0.5381140112876892,0.5248871445655823,-0.04113207757472992
40,sae_diff,label,0.09741102159023285,0.967822790145874,0.11269713193178177,0.9732887744903564,2.9038476943969727,0.5381140112876892,0.5248871445655823,-0.04113207757472992
41,sae_input,label,0.20218905806541443,0.9636439085006714,0.2231978476047516,0.9716193079948425,3.026597023010254,0.5150067806243896,0.48459675908088684,-0.06803076714277267
41,sae_recons,label,0.09450820833444595,0.9820308685302734,0.15153461694717407,0.9799665808677673,2.6823158264160156,0.5150067806243896,0.48459675908088684,-0.06803076714277267
41,sae_diff,label,0.011060051620006561,0.9970747828483582,0.09055641293525696,0.9933221936225891,3.0380377769470215,0.5150067806243896,0.48459675908088684,-0.06803076714277267
42,sae_input,label,0.8394789695739746,0.8846635818481445,0.988123893737793,0.8747912645339966,3.363785982131958,0.5284732580184937,0.4850451350212097,-0.12797586619853973
42,sae_recons,label,0.04404556751251221,0.9933137893676758,0.09892003238201141,0.9933221936225891,3.793607473373413,0.5284732580184937,0.4850451350212097,-0.12797586619853973
42,sae_diff,label,0.023819804191589355,0.9962390065193176,0.041875164955854416,0.9949916005134583,3.6627259254455566,0.5284732580184937,0.4850451350212097,-0.12797586619853973
43,sae_input,label,0.015315299853682518,0.9979105591773987,0.012636009603738785,0.9966610670089722,2.7814743518829346,0.528424084186554,0.4710395932197571,-0.10660423338413239
43,sae_recons,label,0.11791907995939255,0.9795235991477966,0.20042191445827484,0.9816360473632812,3.3795037269592285,0.528424084186554,0.4710395932197571,-0.10660423338413239
43,sae_diff,label,0.009188997559249401,0.9979105591773987,0.035669855773448944,0.9966610670089722,3.611395835876465,0.528424084186554,0.4710395932197571,-0.10660423338413239
44,sae_input,label,0.10123106837272644,0.9882991909980774,0.07746526598930359,0.9816360473632812,3.7085702419281006,0.5087571144104004,0.5190141201019287,-0.06115758791565895
44,sae_recons,label,0.050529126077890396,0.993731677532196,0.07141995429992676,0.9866443872451782,3.364830732345581,0.5087571144104004,0.5190141201019287,-0.06115758791565895
44,sae_diff,label,0.026433657854795456,0.9924780130386353,0.04963812977075577,0.9866443872451782,3.272571563720703,0.5087571144104004,0.5190141201019287,-0.06115758791565895
45,sae_input,label,0.013238009996712208,0.9966568946838379,0.018642690032720566,0.9933221936225891,3.4311063289642334,0.533909261226654,0.527123749256134,-0.0711684376001358
45,sae_recons,label,0.06562944501638412,0.9924780130386353,0.17648524045944214,0.9833054542541504,4.26062536239624,0.533909261226654,0.527123749256134,-0.0711684376001358
45,sae_diff,label,0.005236233584582806,0.9979105591773987,0.019270464777946472,0.9916527271270752,2.9329936504364014,0.533909261226654,0.527123749256134,-0.0711684376001358
46,sae_input,label,0.615938127040863,0.9155871272087097,0.7797566056251526,0.903171956539154,3.3988049030303955,0.4940681457519531,0.47367072105407715,-0.08757878839969635
46,sae_recons,label,0.030936814844608307,0.9945674538612366,0.08300609141588211,0.9883138537406921,3.206023693084717,0.4940681457519531,0.47367072105407715,-0.08757878839969635
46,sae_diff,label,0.00546319829300046,0.9979105591773987,0.015101860277354717,0.9966610670089722,2.9528472423553467,0.4940681457519531,0.47367072105407715,-0.08757878839969635
47,sae_input,label,0.28939589858055115,0.9740910530090332,0.20711566507816315,0.9799665808677673,3.471172571182251,0.5173627734184265,0.5360965728759766,-0.07469125092029572
47,sae_recons,label,0.02848665975034237,0.9954032301902771,0.09548243135213852,0.9883138537406921,3.4606637954711914,0.5173627734184265,0.5360965728759766,-0.07469125092029572
47,sae_diff,label,0.007877647876739502,0.998328447341919,0.11051544547080994,0.9916527271270752,3.9263713359832764,0.5173627734184265,0.5360965728759766,-0.07469125092029572
48,sae_input,label,0.2713121771812439,0.9736731648445129,0.43689244985580444,0.9632720947265625,3.014313220977783,0.5255717039108276,0.5150679349899292,-0.059426967054605484
48,sae_recons,label,0.049249716103076935,0.992060124874115,0.09691552817821503,0.9866443872451782,2.5912117958068848,0.5255717039108276,0.5150679349899292,-0.059426967054605484
48,sae_diff,label,0.00465934444218874,0.9991642236709595,0.038213033229112625,0.9899832606315613,4.010045528411865,0.5255717039108276,0.5150679349899292,-0.059426967054605484
49,sae_input,label,0.13213692605495453,0.9862097501754761,0.20371614396572113,0.9849749207496643,3.7685508728027344,0.5281982421875,0.4697667956352234,-0.08684442192316055
49,sae_recons,label,0.03674273565411568,0.9954032301902771,0.054416678845882416,0.9899832606315613,3.1409571170806885,0.5281982421875,0.4697667956352234,-0.08684442192316055
49,sae_diff,label,0.023825058713555336,0.9941495656967163,0.014806588180363178,0.9933221936225891,3.979069709777832,0.5281982421875,0.4697667956352234,-0.08684442192316055
50,sae_input,label,0.1419389545917511,0.9882991909980774,0.17377685010433197,0.9833054542541504,3.466733694076538,0.5375550389289856,0.48661333322525024,-0.07857894897460938
50,sae_recons,label,0.04373154044151306,0.9941495656967163,0.08768870681524277,0.9899832606315613,3.504305124282837,0.5375550389289856,0.48661333322525024,-0.07857894897460938
50,sae_diff,label,0.042661216109991074,0.9895528554916382,0.11768481880426407,0.9732887744903564,2.6677281856536865,0.5375550389289856,0.48661333322525024,-0.07857894897460938
51,sae_input,label,0.034424763172864914,0.9966568946838379,0.07256264239549637,0.9899832606315613,3.481175422668457,0.5450412034988403,0.5273833274841309,-0.055632248520851135
51,sae_recons,label,0.07214661687612534,0.9899707436561584,0.18513566255569458,0.9883138537406921,3.791961431503296,0.5450412034988403,0.5273833274841309,-0.055632248520851135
51,sae_diff,label,0.02048569917678833,0.9974926710128784,0.08722493052482605,0.9916527271270752,3.6221749782562256,0.5450412034988403,0.5273833274841309,-0.055632248520851135
52,sae_input,label,0.014323024079203606,0.998328447341919,0.07232315838336945,0.9899832606315613,3.0175373554229736,0.5465513467788696,0.5072458982467651,-0.050095606595277786
52,sae_recons,label,0.07940946519374847,0.9887170791625977,0.2796490788459778,0.9749582409858704,3.0445616245269775,0.5465513467788696,0.5072458982467651,-0.050095606595277786
52,sae_diff,label,0.008838009089231491,0.9987463355064392,0.08173777908086777,0.9916527271270752,2.662095069885254,0.5465513467788696,0.5072458982467651,-0.050095606595277786
53,sae_input,label,0.03455476462841034,0.9958211183547974,0.06926785409450531,0.9933221936225891,3.377969264984131,0.5382950305938721,0.5362075567245483,-0.03974296152591705
53,sae_recons,label,0.20601356029510498,0.9732552766799927,0.11363687366247177,0.9883138537406921,3.300138473510742,0.5382950305938721,0.5362075567245483,-0.03974296152591705
53,sae_diff,label,0.003624792443588376,0.9987463355064392,0.018611671403050423,0.9966610670089722,3.341710329055786,0.5382950305938721,0.5362075567245483,-0.03974296152591705
54,sae_input,label,0.9849259853363037,0.9134976863861084,1.0879576206207275,0.913188636302948,3.856027126312256,0.5172321796417236,0.5335183143615723,-0.04407160356640816
54,sae_recons,label,0.05994874984025955,0.9908064603805542,0.04084491357207298,0.9933221936225891,3.6035349369049072,0.5172321796417236,0.5335183143615723,-0.04407160356640816
54,sae_diff,label,0.1545194536447525,0.9636439085006714,0.19881050288677216,0.9616026282310486,2.940781593322754,0.5172321796417236,0.5335183143615723,-0.04407160356640816
55,sae_input,label,0.0780753567814827,0.9887170791625977,0.10028807818889618,0.9849749207496643,3.0535924434661865,0.5184400081634521,0.538824737071991,-0.052481137216091156
55,sae_recons,label,0.14528746902942657,0.9791057109832764,0.1220577284693718,0.9816360473632812,3.582153081893921,0.5184400081634521,0.538824737071991,-0.052481137216091156
55,sae_diff,label,0.03409060463309288,0.9958211183547974,0.0077382223680615425,0.9983305335044861,4.020874977111816,0.5184400081634521,0.538824737071991,-0.052481137216091156
56,sae_input,label,0.007854689843952656,0.9991642236709595,0.04893229901790619,0.9949916005134583,3.627044677734375,0.5165621042251587,0.509219765663147,-0.10126516222953796
56,sae_recons,label,0.12475430220365524,0.9820308685302734,0.21930694580078125,0.9833054542541504,3.843996047973633,0.5165621042251587,0.509219765663147,-0.10126516222953796
56,sae_diff,label,0.019050944596529007,0.9945674538612366,0.05391331762075424,0.9866443872451782,3.8511061668395996,0.5165621042251587,0.509219765663147,-0.10126516222953796
57,sae_input,label,0.01805286481976509,0.9987463355064392,0.029499009251594543,0.9949916005134583,3.400946617126465,0.531198263168335,0.5163419246673584,-0.10367060452699661
57,sae_recons,label,0.21660944819450378,0.9740910530090332,0.3693537712097168,0.9649415612220764,3.7469913959503174,0.531198263168335,0.5163419246673584,-0.10367060452699661
57,sae_diff,label,0.002855611266568303,0.9995821118354797,0.04436032474040985,0.9949916005134583,3.478980779647827,0.531198263168335,0.5163419246673584,-0.10367060452699661
58,sae_input,label,0.030390935018658638,0.9954032301902771,0.049612220376729965,0.9949916005134583,2.8902220726013184,0.534106969833374,0.4802178144454956,-0.08258183300495148
58,sae_recons,label,0.21105976402759552,0.9632260203361511,0.3167003095149994,0.9582637548446655,2.7621102333068848,0.534106969833374,0.4802178144454956,-0.08258183300495148
58,sae_diff,label,0.006048719398677349,0.998328447341919,0.03772592917084694,0.9949916005134583,2.7621047496795654,0.534106969833374,0.4802178144454956,-0.08258183300495148
59,sae_input,label,0.23247680068016052,0.9820308685302734,0.25597888231277466,0.9766277074813843,4.051008224487305,0.5512760281562805,0.45905017852783203,-0.11006249487400055
59,sae_recons,label,0.3958219885826111,0.940242350101471,0.3474648594856262,0.9398998022079468,3.5074191093444824,0.5512760281562805,0.45905017852783203,-0.11006249487400055
59,sae_diff,label,0.03496160730719566,0.9924780130386353,0.11568255722522736,0.9916527271270752,3.3407416343688965,0.5512760281562805,0.45905017852783203,-0.11006249487400055
60,sae_input,label,0.05218973755836487,0.993731677532196,0.02655106596648693,0.9966610670089722,3.2575762271881104,0.5086981654167175,0.4818095564842224,-0.09260483086109161
60,sae_recons,label,0.03518906980752945,0.9949853420257568,0.04398690536618233,0.9916527271270752,3.0935564041137695,0.5086981654167175,0.4818095564842224,-0.09260483086109161
60,sae_diff,label,0.02522207237780094,0.9941495656967163,0.038519974797964096,0.9966610670089722,2.8640329837799072,0.5086981654167175,0.4818095564842224,-0.09260483086109161
61,sae_input,label,0.018101735040545464,0.9974926710128784,0.04579683393239975,0.9983305335044861,3.010585308074951,0.5396413207054138,0.5011571645736694,-0.08631458133459091
61,sae_recons,label,0.06230098381638527,0.993731677532196,0.08449836075305939,0.9933221936225891,3.8984413146972656,0.5396413207054138,0.5011571645736694,-0.08631458133459091
61,sae_diff,label,0.031836118549108505,0.9908064603805542,0.07979651540517807,0.9833054542541504,3.3141720294952393,0.5396413207054138,0.5011571645736694,-0.08631458133459091
62,sae_input,label,0.030006168410182,0.9962390065193176,0.006761973258107901,0.9983305335044861,3.9454829692840576,0.5025681257247925,0.49520254135131836,-0.11892267316579819
62,sae_recons,label,0.22903914749622345,0.9703301191329956,0.20539702475070953,0.9749582409858704,3.5001721382141113,0.5025681257247925,0.49520254135131836,-0.11892267316579819
62,sae_diff,label,0.010073842480778694,0.9979105591773987,0.00943172350525856,0.9983305335044861,2.6540071964263916,0.5025681257247925,0.49520254135131836,-0.11892267316579819
63,sae_input,label,0.05918867513537407,0.9949853420257568,0.07176806777715683,0.9949916005134583,3.989178419113159,0.4992453455924988,0.4930429458618164,-0.09878824651241302
63,sae_recons,label,0.32950103282928467,0.940242350101471,0.38006335496902466,0.9332219958305359,3.0687835216522217,0.4992453455924988,0.4930429458618164,-0.09878824651241302
63,sae_diff,label,0.037010181695222855,0.9933137893676758,0.07779131829738617,0.9899832606315613,3.015799045562744,0.4992453455924988,0.4930429458618164,-0.09878824651241302
64,sae_input,label,1.6216621398925781,0.9089009165763855,1.7421663999557495,0.8998330235481262,3.5192198753356934,0.5017436742782593,0.510958194732666,-0.09551501274108887
64,sae_recons,label,0.7937911748886108,0.934391975402832,0.8488752841949463,0.9282136559486389,3.5294952392578125,0.5017436742782593,0.510958194732666,-0.09551501274108887
64,sae_diff,label,0.04981696978211403,0.9945674538612366,0.07843715697526932,0.9899832606315613,4.232345104217529,0.5017436742782593,0.510958194732666,-0.09551501274108887
65,sae_input,label,0.019089816138148308,0.9954032301902771,0.11574587225914001,0.9916527271270752,4.17687463760376,0.5299911499023438,0.4895760416984558,-0.11465829610824585
65,sae_recons,label,0.23560023307800293,0.9607187509536743,0.283203661441803,0.9666109681129456,3.9292376041412354,0.5299911499023438,0.4895760416984558,-0.11465829610824585
65,sae_diff,label,0.061008602380752563,0.9912243485450745,0.0330129899084568,0.9899832606315613,3.8363425731658936,0.5299911499023438,0.4895760416984558,-0.11465829610824585
66,sae_input,label,0.24915996193885803,0.9632260203361511,0.26090502738952637,0.9632720947265625,2.8867523670196533,0.5440270900726318,0.47452813386917114,-0.0950632393360138
66,sae_recons,label,0.12901264429092407,0.9820308685302734,0.22827677428722382,0.9732887744903564,4.009835720062256,0.5440270900726318,0.47452813386917114,-0.0950632393360138
66,sae_diff,label,0.03225792571902275,0.9933137893676758,0.12568242847919464,0.9899832606315613,3.422285318374634,0.5440270900726318,0.47452813386917114,-0.0950632393360138
67,sae_input,label,0.03530599921941757,0.9954032301902771,0.008766399696469307,0.9966610670089722,3.0759682655334473,0.5082480907440186,0.5178567171096802,-0.092661052942276
67,sae_recons,label,0.09932870417833328,0.9849560856819153,0.09663098305463791,0.9833054542541504,3.4155797958374023,0.5082480907440186,0.5178567171096802,-0.092661052942276
67,sae_diff,label,0.029231496155261993,0.993731677532196,0.09998255968093872,0.9833054542541504,3.32855486869812,0.5082480907440186,0.5178567171096802,-0.092661052942276
68,sae_input,label,0.4560904800891876,0.960300862789154,0.38664352893829346,0.9682804346084595,3.3706936836242676,0.527077853679657,0.5226908922195435,-0.06536141037940979
68,sae_recons,label,0.20789118111133575,0.9653154611587524,0.2582946717739105,0.9649415612220764,3.376253604888916,0.527077853679657,0.5226908922195435,-0.06536141037940979
68,sae_diff,label,0.02398904412984848,0.9958211183547974,0.014411462470889091,0.9949916005134583,3.0944173336029053,0.527077853679657,0.5226908922195435,-0.06536141037940979
69,sae_input,label,0.04803640767931938,0.9924780130386353,0.07436660677194595,0.9933221936225891,3.1154537200927734,0.5245198607444763,0.4947854280471802,-0.10685707628726959
69,sae_recons,label,0.3627767562866211,0.9481821656227112,0.23467695713043213,0.9616026282310486,3.320312976837158,0.5245198607444763,0.4947854280471802,-0.10685707628726959
69,sae_diff,label,0.003440773580223322,0.998328447341919,0.0020267402287572622,1.0,3.155794620513916,0.5245198607444763,0.4947854280471802,-0.10685707628726959
70,sae_input,label,0.21444401144981384,0.9703301191329956,0.13297922909259796,0.9716193079948425,3.37601375579834,0.5086089968681335,0.512703537940979,-0.11445160955190659
70,sae_recons,label,0.15048682689666748,0.9862097501754761,0.17460927367210388,0.9899832606315613,5.126393795013428,0.5086089968681335,0.512703537940979,-0.11445160955190659
70,sae_diff,label,0.030773743987083435,0.9954032301902771,0.02489043027162552,0.9949916005134583,3.129838705062866,0.5086089968681335,0.512703537940979,-0.11445160955190659
71,sae_input,label,0.11460863053798676,0.9853739738464355,0.21077781915664673,0.9816360473632812,2.8357231616973877,0.5213838815689087,0.4767451882362366,-0.10968686640262604
71,sae_recons,label,0.0648333951830864,0.992060124874115,0.05862986296415329,0.9916527271270752,3.470536231994629,0.5213838815689087,0.4767451882362366,-0.10968686640262604
71,sae_diff,label,0.005457791034132242,0.9987463355064392,0.027703139930963516,0.9933221936225891,3.738755464553833,0.5213838815689087,0.4767451882362366,-0.10968686640262604
72,sae_input,label,0.0426054410636425,0.993731677532196,0.04372994974255562,0.9916527271270752,3.4635884761810303,0.5498840808868408,0.5192885398864746,-0.055634621530771255
72,sae_recons,label,1.2903257608413696,0.8524863719940186,1.6309733390808105,0.816360592842102,3.373608112335205,0.5498840808868408,0.5192885398864746,-0.055634621530771255
72,sae_diff,label,0.013495939783751965,0.9970747828483582,0.0027586331125348806,0.9983305335044861,3.7356996536254883,0.5498840808868408,0.5192885398864746,-0.055634621530771255
73,sae_input,label,0.051454998552799225,0.9916422367095947,0.06765706837177277,0.9966610670089722,2.9661898612976074,0.5233911871910095,0.5038561224937439,-0.11083158850669861
73,sae_recons,label,1.3420432806015015,0.8733806610107422,1.3573365211486816,0.8580967783927917,3.058201551437378,0.5233911871910095,0.5038561224937439,-0.11083158850669861
73,sae_diff,label,0.004946425557136536,0.9991642236709595,0.038195107132196426,0.9983305335044861,4.1054205894470215,0.5233911871910095,0.5038561224937439,-0.11083158850669861
74,sae_input,label,0.1588076800107956,0.9841203093528748,0.16412289440631866,0.9816360473632812,3.7209982872009277,0.5266867280006409,0.5149495601654053,-0.08583535999059677
74,sae_recons,label,1.6570485830307007,0.8687839508056641,1.5420968532562256,0.8697829246520996,3.2035632133483887,0.5266867280006409,0.5149495601654053,-0.08583535999059677
74,sae_diff,label,0.020043157041072845,0.9928959012031555,0.04270414635539055,0.9916527271270752,3.3482275009155273,0.5266867280006409,0.5149495601654053,-0.08583535999059677
75,sae_input,label,0.44146963953971863,0.9632260203361511,0.5073534250259399,0.9599332213401794,3.1402409076690674,0.5145792961120605,0.4777049720287323,-0.14002740383148193
75,sae_recons,label,0.9739738702774048,0.9072293639183044,1.1989201307296753,0.8948246836662292,3.58286190032959,0.5145792961120605,0.4777049720287323,-0.14002740383148193
75,sae_diff,label,0.021479004994034767,0.9962390065193176,0.01619480550289154,0.9949916005134583,4.204030990600586,0.5145792961120605,0.4777049720287323,-0.14002740383148193
76,sae_input,label,0.09578549116849899,0.9853739738464355,0.12511883676052094,0.9833054542541504,3.848175048828125,0.5419696569442749,0.509552001953125,-0.07005541026592255
76,sae_recons,label,1.4293712377548218,0.8533221483230591,1.3092894554138184,0.8597662448883057,4.131084442138672,0.5419696569442749,0.509552001953125,-0.07005541026592255
76,sae_diff,label,0.012428902089595795,0.9966568946838379,0.04160913825035095,0.9933221936225891,3.4503207206726074,0.5419696569442749,0.509552001953125,-0.07005541026592255
77,sae_input,label,0.03146454691886902,0.9949853420257568,0.118189737200737,0.9916527271270752,3.433448314666748,0.5268406867980957,0.470407634973526,-0.09442153573036194
77,sae_recons,label,0.10716038942337036,0.9882991909980774,0.28169935941696167,0.9749582409858704,3.6424882411956787,0.5268406867980957,0.470407634973526,-0.09442153573036194
77,sae_diff,label,0.029985416680574417,0.993731677532196,0.057816002517938614,0.9899832606315613,3.1241724491119385,0.5268406867980957,0.470407634973526,-0.09442153573036194
78,sae_input,label,0.127303346991539,0.9891349673271179,0.08767908811569214,0.9883138537406921,3.934473991394043,0.5320302844047546,0.5107284784317017,-0.08841919898986816
78,sae_recons,label,0.06965788453817368,0.9903886318206787,0.12663473188877106,0.9883138537406921,3.746349811553955,0.5320302844047546,0.5107284784317017,-0.08841919898986816
78,sae_diff,label,0.033562637865543365,0.9962390065193176,0.1182582750916481,0.9933221936225891,4.751533031463623,0.5320302844047546,0.5107284784317017,-0.08841919898986816
79,sae_input,label,0.16357916593551636,0.9765983819961548,0.04571687802672386,0.9899832606315613,3.1959547996520996,0.5215650796890259,0.519039511680603,-0.07255163043737411
79,sae_recons,label,0.11034391075372696,0.9878813028335571,0.0601470060646534,0.9916527271270752,3.7595458030700684,0.5215650796890259,0.519039511680603,-0.07255163043737411
79,sae_diff,label,0.013984501361846924,0.9979105591773987,0.03207671642303467,0.9983305335044861,3.582542896270752,0.5215650796890259,0.519039511680603,-0.07255163043737411
80,sae_input,label,0.5335626602172852,0.9506894946098328,0.7682385444641113,0.9382303357124329,3.563908815383911,0.537574291229248,0.5028765201568604,-0.07435991615056992
80,sae_recons,label,0.10130845010280609,0.9816129803657532,0.3221691846847534,0.9682804346084595,3.684722423553467,0.537574291229248,0.5028765201568604,-0.07435991615056992
80,sae_diff,label,0.04370856657624245,0.9882991909980774,0.1225619912147522,0.9799665808677673,3.345655918121338,0.537574291229248,0.5028765201568604,-0.07435991615056992
81,sae_input,label,0.09430288523435593,0.9924780130386353,0.0824684128165245,0.9949916005134583,3.689976692199707,0.517162561416626,0.4849798381328583,-0.08726266771554947
81,sae_recons,label,0.10366924852132797,0.984538197517395,0.10202565044164658,0.9799665808677673,3.2928659915924072,0.517162561416626,0.4849798381328583,-0.08726266771554947
81,sae_diff,label,0.0735146701335907,0.9862097501754761,0.074754998087883,0.9866443872451782,3.5151350498199463,0.517162561416626,0.4849798381328583,-0.08726266771554947
82,sae_input,label,0.4438915550708771,0.9272878766059875,0.5909178256988525,0.9015024900436401,2.7237493991851807,0.5381255149841309,0.5264027118682861,-0.06998055428266525
82,sae_recons,label,0.06233280897140503,0.993731677532196,0.0551065094769001,0.9883138537406921,2.9696455001831055,0.5381255149841309,0.5264027118682861,-0.06998055428266525
82,sae_diff,label,0.08169376105070114,0.9841203093528748,0.09302227199077606,0.9866443872451782,3.545409679412842,0.5381255149841309,0.5264027118682861,-0.06998055428266525
83,sae_input,label,0.36551034450531006,0.9699122309684753,0.5326879024505615,0.9666109681129456,3.305537223815918,0.5020904541015625,0.5356382131576538,-0.09516618400812149
83,sae_recons,label,1.2831556797027588,0.8900960683822632,1.4680380821228027,0.908180296421051,3.800990104675293,0.5020904541015625,0.5356382131576538,-0.09516618400812149
83,sae_diff,label,0.022242261096835136,0.9966568946838379,0.0700768306851387,0.9949916005134583,3.832615852355957,0.5020904541015625,0.5356382131576538,-0.09516618400812149
84,sae_input,label,0.0050463429652154446,0.9987463355064392,0.05726228654384613,0.9933221936225891,3.210693597793579,0.5323386192321777,0.5060102939605713,-0.06686213612556458
84,sae_recons,label,0.0648515596985817,0.9874634146690369,0.17244815826416016,0.9883138537406921,3.5144739151000977,0.5323386192321777,0.5060102939605713,-0.06686213612556458
84,sae_diff,label,0.004853603430092335,0.9991642236709595,0.0948590636253357,0.9933221936225891,4.0052080154418945,0.5323386192321777,0.5060102939605713,-0.06686213612556458
85,sae_input,label,0.04794266074895859,0.9966568946838379,0.0469268299639225,0.9966610670089722,4.322413921356201,0.5600829124450684,0.4772493839263916,-0.11421933770179749
85,sae_recons,label,0.05297239124774933,0.992060124874115,0.12283546477556229,0.9883138537406921,3.9552648067474365,0.5600829124450684,0.4772493839263916,-0.11421933770179749
85,sae_diff,label,0.0389440692961216,0.9945674538612366,0.08744488656520844,0.9899832606315613,3.5007550716400146,0.5600829124450684,0.4772493839263916,-0.11421933770179749
86,sae_input,label,0.13218694925308228,0.9799414873123169,0.10578691214323044,0.9833054542541504,3.503269672393799,0.5232545733451843,0.5244498252868652,-0.06192991882562637
86,sae_recons,label,0.06938276439905167,0.9928959012031555,0.019136488437652588,0.9949916005134583,3.6870381832122803,0.5232545733451843,0.5244498252868652,-0.06192991882562637
86,sae_diff,label,0.10117331147193909,0.9761804938316345,0.10725875198841095,0.9799665808677673,3.400022268295288,0.5232545733451843,0.5244498252868652,-0.06192991882562637
87,sae_input,label,0.03940274566411972,0.9954032301902771,0.06514845788478851,0.9949916005134583,3.309399366378784,0.5607041120529175,0.5100386142730713,-0.06208881735801697
87,sae_recons,label,0.034500908106565475,0.9933137893676758,0.035831257700920105,0.9899832606315613,2.9491288661956787,0.5607041120529175,0.5100386142730713,-0.06208881735801697
87,sae_diff,label,0.024859385564923286,0.9928959012031555,0.07510179281234741,0.9849749207496643,3.5124852657318115,0.5607041120529175,0.5100386142730713,-0.06208881735801697
88,sae_input,label,0.0814286544919014,0.9811951518058777,0.08385154604911804,0.9816360473632812,3.500643491744995,0.5132585763931274,0.4838162064552307,-0.09118778258562088
88,sae_recons,label,0.06586989760398865,0.9853739738464355,0.11074250191450119,0.9833054542541504,3.21822190284729,0.5132585763931274,0.4838162064552307,-0.09118778258562088
88,sae_diff,label,0.03386348858475685,0.9912243485450745,0.07790549844503403,0.9866443872451782,3.436452627182007,0.5132585763931274,0.4838162064552307,-0.09118778258562088
89,sae_input,label,0.17113472521305084,0.984538197517395,0.2567516267299652,0.9816360473632812,4.207318305969238,0.507682204246521,0.49891701340675354,-0.06708374619483948
89,sae_recons,label,0.03267289325594902,0.9933137893676758,0.13415156304836273,0.9883138537406921,3.6736085414886475,0.507682204246521,0.49891701340675354,-0.06708374619483948
89,sae_diff,label,0.07803269475698471,0.984538197517395,0.17846612632274628,0.9833054542541504,3.3083102703094482,0.507682204246521,0.49891701340675354,-0.06708374619483948
90,sae_input,label,0.12469035387039185,0.975344717502594,0.18497903645038605,0.9682804346084595,3.8465211391448975,0.547780454158783,0.5056320428848267,-0.06421389430761337
90,sae_recons,label,0.13832920789718628,0.9866276383399963,0.07687001675367355,0.9866443872451782,3.992537021636963,0.547780454158783,0.5056320428848267,-0.06421389430761337
90,sae_diff,label,0.01246144250035286,0.9962390065193176,0.04292280599474907,0.9916527271270752,2.769376039505005,0.547780454158783,0.5056320428848267,-0.06421389430761337
91,sae_input,label,0.2423836886882782,0.9657333493232727,0.2401258945465088,0.9515859484672546,3.706099033355713,0.5259585380554199,0.5295289158821106,-0.06960712373256683
91,sae_recons,label,0.06659851223230362,0.9903886318206787,0.12497564405202866,0.9866443872451782,3.3749544620513916,0.5259585380554199,0.5295289158821106,-0.06960712373256683
91,sae_diff,label,0.033020224422216415,0.9928959012031555,0.027757497504353523,0.9933221936225891,3.4372785091400146,0.5259585380554199,0.5295289158821106,-0.06960712373256683
92,sae_input,label,0.08458009362220764,0.9899707436561584,0.028533052653074265,0.9949916005134583,3.6216866970062256,0.5347388982772827,0.5000693202018738,-0.04953259229660034
92,sae_recons,label,0.4720193147659302,0.9456748366355896,0.40480807423591614,0.9599332213401794,3.244753837585449,0.5347388982772827,0.5000693202018738,-0.04953259229660034
92,sae_diff,label,0.0015139331808313727,0.9995821118354797,0.015337013639509678,0.9949916005134583,3.2245564460754395,0.5347388982772827,0.5000693202018738,-0.04953259229660034
93,sae_input,label,0.05544767156243324,0.9949853420257568,0.021872684359550476,0.9916527271270752,3.903960704803467,0.5209406614303589,0.515941858291626,-0.09664703160524368
93,sae_recons,label,0.3226846158504486,0.9544504284858704,0.3808777630329132,0.9415692687034607,3.519721031188965,0.5209406614303589,0.515941858291626,-0.09664703160524368
93,sae_diff,label,0.020200693979859352,0.9962390065193176,0.030029086396098137,0.9949916005134583,4.357701778411865,0.5209406614303589,0.515941858291626,-0.09664703160524368
94,sae_input,label,0.033229678869247437,0.9966568946838379,0.06274748593568802,0.9966610670089722,4.16198205947876,0.5300205945968628,0.5144501328468323,-0.0970739871263504
94,sae_recons,label,0.21534669399261475,0.9690764546394348,0.3221057057380676,0.9682804346084595,3.992799997329712,0.5300205945968628,0.5144501328468323,-0.0970739871263504
94,sae_diff,label,0.00522660044953227,0.9987463355064392,0.03553932160139084,0.9966610670089722,3.8551039695739746,0.5300205945968628,0.5144501328468323,-0.0970739871263504
95,sae_input,label,0.14888466894626617,0.9795235991477966,0.21207654476165771,0.9766277074813843,3.072089910507202,0.5604832768440247,0.4827101230621338,-0.09110622853040695
95,sae_recons,label,0.075507752597332,0.9895528554916382,0.05506974458694458,0.9916527271270752,3.4339792728424072,0.5604832768440247,0.4827101230621338,-0.09110622853040695
95,sae_diff,label,0.009077474474906921,0.9962390065193176,0.04324197769165039,0.9933221936225891,3.8772830963134766,0.5604832768440247,0.4827101230621338,-0.09110622853040695
96,sae_input,label,0.10253651440143585,0.9933137893676758,0.0588676817715168,0.9949916005134583,4.015036106109619,0.523354709148407,0.5049827098846436,-0.1027289628982544
96,sae_recons,label,0.34196776151657104,0.9557040929794312,0.5215935707092285,0.9432386755943298,3.8293569087982178,0.523354709148407,0.5049827098846436,-0.1027289628982544
96,sae_diff,label,0.02625511772930622,0.9949853420257568,0.029244884848594666,0.9933221936225891,3.692591667175293,0.523354709148407,0.5049827098846436,-0.1027289628982544
97,sae_input,label,0.12192881852388382,0.9862097501754761,0.177333265542984,0.9849749207496643,4.136542320251465,0.5130441188812256,0.4628503620624542,-0.13747325539588928
97,sae_recons,label,0.17845672369003296,0.9761804938316345,0.3245617747306824,0.9716193079948425,3.673172950744629,0.5130441188812256,0.4628503620624542,-0.13747325539588928
97,sae_diff,label,0.16665208339691162,0.9657333493232727,0.15202361345291138,0.9716193079948425,3.454576253890991,0.5130441188812256,0.4628503620624542,-0.13747325539588928
98,sae_input,label,0.10299858450889587,0.9924780130386353,0.31030115485191345,0.9816360473632812,4.262740612030029,0.5151780843734741,0.4882733225822449,-0.10184980928897858
98,sae_recons,label,0.03842667490243912,0.9933137893676758,0.09764090925455093,0.9866443872451782,3.171313524246216,0.5151780843734741,0.4882733225822449,-0.10184980928897858
98,sae_diff,label,0.006722183432430029,0.9974926710128784,0.11116909235715866,0.9899832606315613,3.71220064163208,0.5151780843734741,0.4882733225822449,-0.10184980928897858
99,sae_input,label,0.036268480122089386,0.9966568946838379,0.04003196582198143,0.9966610670089722,3.014303207397461,0.5177286863327026,0.5147787928581238,-0.08379720151424408
99,sae_recons,label,0.03668702393770218,0.9949853420257568,0.07479356974363327,0.9866443872451782,3.736785411834717,0.5177286863327026,0.5147787928581238,-0.08379720151424408
99,sae_diff,label,0.13543400168418884,0.9765983819961548,0.26579296588897705,0.9666109681129456,3.2200496196746826,0.5177286863327026,0.5147787928581238,-0.08379720151424408
