Seed,Feature Type,Label,Train Loss,Train Accuracy,Test Loss,Test Accuracy,Loop Time
0,sae_input,label,0.025479011237621307,0.9958211183547974,0.06244203820824623,0.9883138537406921,8.816833734512329
0,sae_input,has_alice,3.0313758170308347e-09,1.0,3.388474567600497e-08,1.0,8.816833734512329
0,sae_input,has_not,2.1455150166507478e-18,1.0,1.1203031468314012e-17,1.0,8.816833734512329
0,sae_input,has_alice xor has_not,0.013098510913550854,0.9958211183547974,0.006934882141649723,0.9966610670089722,8.816833734512329
0,sae_input,has_alice xor label,0.3086678683757782,0.9126619100570679,0.3126694858074188,0.9115191698074341,8.816833734512329
0,sae_input,has_not xor label,0.08012796938419342,0.9866276383399963,0.15588179230690002,0.9849749207496643,8.816833734512329
0,sae_recons,label,0.37687212228775024,0.9460927248001099,0.39803627133369446,0.9565942883491516,8.816833734512329
0,sae_recons,has_alice,0.006058903411030769,0.998328447341919,0.050484489649534225,0.9916527271270752,8.816833734512329
0,sae_recons,has_not,1.5941065356628314e-08,1.0,3.8210657749004895e-08,1.0,8.816833734512329
0,sae_recons,has_alice xor has_not,0.04302547872066498,0.9878813028335571,0.0636378824710846,0.9816360473632812,8.816833734512329
0,sae_recons,has_alice xor label,0.7934160232543945,0.8420392274856567,1.1269007921218872,0.829716145992279,8.816833734512329
0,sae_recons,has_not xor label,0.15913279354572296,0.975344717502594,0.2848677635192871,0.9666109681129456,8.816833734512329
0,sae_diff,label,0.025131843984127045,0.9949853420257568,0.07274483889341354,0.9916527271270752,8.816833734512329
0,sae_diff,has_alice,8.19225260784151e-06,1.0,8.179536962416023e-06,1.0,8.816833734512329
0,sae_diff,has_not,5.091195376394353e-08,1.0,2.2577589220418304e-07,1.0,8.816833734512329
0,sae_diff,has_alice xor has_not,0.00012672973389271647,1.0,0.0031808544881641865,0.9983305335044861,8.816833734512329
0,sae_diff,has_alice xor label,0.21097597479820251,0.9373171329498291,0.32375335693359375,0.913188636302948,8.816833734512329
0,sae_diff,has_not xor label,0.012185044586658478,0.9962390065193176,0.009799700230360031,0.9949916005134583,8.816833734512329
1,sae_input,label,0.05044406279921532,0.9895528554916382,0.09519858658313751,0.9899832606315613,8.818384170532227
1,sae_input,has_alice,1.3786350727684749e-08,1.0,5.128169000556682e-10,1.0,8.818384170532227
1,sae_input,has_not,9.008695087686647e-07,1.0,3.502643508568326e-08,1.0,8.818384170532227
1,sae_input,has_alice xor has_not,0.32062458992004395,0.9210196137428284,0.47546181082725525,0.9065108299255371,8.818384170532227
1,sae_input,has_alice xor label,3.062161922454834,0.6276640295982361,3.6512341499328613,0.5909849405288696,8.818384170532227
1,sae_input,has_not xor label,0.05342520773410797,0.9903886318206787,0.06313834339380264,0.9899832606315613,8.818384170532227
1,sae_recons,label,0.0708557590842247,0.9870455265045166,0.22280734777450562,0.9732887744903564,8.818384170532227
1,sae_recons,has_alice,6.727167055942118e-05,1.0,0.0001928059646161273,1.0,8.818384170532227
1,sae_recons,has_not,3.626592715022525e-08,1.0,2.46856757257774e-06,1.0,8.818384170532227
1,sae_recons,has_alice xor has_not,0.6022184491157532,0.8884245157241821,0.7594300508499146,0.8848080039024353,8.818384170532227
1,sae_recons,has_alice xor label,1.8693838119506836,0.7567906379699707,2.358243942260742,0.7362270355224609,8.818384170532227
1,sae_recons,has_not xor label,0.09762399643659592,0.9899707436561584,0.21767973899841309,0.9799665808677673,8.818384170532227
1,sae_diff,label,0.012795893475413322,0.9966568946838379,0.058425404131412506,0.9899832606315613,8.818384170532227
1,sae_diff,has_alice,1.266961248802545e-06,1.0,8.318699507015026e-09,1.0,8.818384170532227
1,sae_diff,has_not,5.191903369450301e-07,1.0,9.819549617873236e-09,1.0,8.818384170532227
1,sae_diff,has_alice xor has_not,0.006269183941185474,0.9987463355064392,0.012103642337024212,0.9966610670089722,8.818384170532227
1,sae_diff,has_alice xor label,0.47223401069641113,0.876305878162384,0.5066432356834412,0.8614357113838196,8.818384170532227
1,sae_diff,has_not xor label,0.016873536631464958,0.9966568946838379,0.032970771193504333,0.9899832606315613,8.818384170532227
2,sae_input,label,0.38612502813339233,0.9745089411735535,0.20397204160690308,0.9782971143722534,8.025107622146606
2,sae_input,has_alice,2.2888796138431644e-06,1.0,5.3949938774167094e-06,1.0,8.025107622146606
2,sae_input,has_not,5.5387130437623e-09,1.0,4.401212208904326e-06,1.0,8.025107622146606
2,sae_input,has_alice xor has_not,0.014682101085782051,0.9945674538612366,0.07052021473646164,0.9766277074813843,8.025107622146606
2,sae_input,has_alice xor label,0.534986138343811,0.8600083589553833,0.4241121709346771,0.8814690709114075,8.025107622146606
2,sae_input,has_not xor label,0.1463586837053299,0.9908064603805542,0.19923412799835205,0.9816360473632812,8.025107622146606
2,sae_recons,label,0.11811962723731995,0.9791057109832764,0.22212931513786316,0.9732887744903564,8.025107622146606
2,sae_recons,has_alice,0.00012064283509971574,1.0,0.0002719482290558517,1.0,8.025107622146606
2,sae_recons,has_not,7.970533122403367e-10,1.0,4.410201116971398e-18,1.0,8.025107622146606
2,sae_recons,has_alice xor has_not,0.1948387324810028,0.9577935338020325,0.30639633536338806,0.9348914623260498,8.025107622146606
2,sae_recons,has_alice xor label,0.25506916642189026,0.9272878766059875,0.3253186345100403,0.908180296421051,8.025107622146606
2,sae_recons,has_not xor label,0.05359151214361191,0.9924780130386353,0.14463026821613312,0.9816360473632812,8.025107622146606
2,sae_diff,label,0.18218402564525604,0.9623903036117554,0.3645378649234772,0.9398998022079468,8.025107622146606
2,sae_diff,has_alice,3.8097318793006707e-06,1.0,0.007774349767714739,0.9983305335044861,8.025107622146606
2,sae_diff,has_not,2.726520051510306e-06,1.0,6.209233305298767e-08,1.0,8.025107622146606
2,sae_diff,has_alice xor has_not,0.0020662324968725443,0.9991642236709595,0.014524438418447971,0.9983305335044861,8.025107622146606
2,sae_diff,has_alice xor label,0.17559219896793365,0.9440033435821533,0.3241119086742401,0.9098497033119202,8.025107622146606
2,sae_diff,has_not xor label,0.33739662170410156,0.9389886856079102,0.28925251960754395,0.9499164819717407,8.025107622146606
3,sae_input,label,0.07697803527116776,0.9908064603805542,0.08039028197526932,0.9916527271270752,8.003177642822266
3,sae_input,has_alice,0.004614401608705521,0.9987463355064392,0.015994364395737648,0.9949916005134583,8.003177642822266
3,sae_input,has_not,1.1194979665507532e-10,1.0,3.9325860386665444e-17,1.0,8.003177642822266
3,sae_input,has_alice xor has_not,0.007555985823273659,0.9966568946838379,0.017250895500183105,0.9983305335044861,8.003177642822266
3,sae_input,has_alice xor label,3.424823760986328,0.5796071887016296,3.23905348777771,0.5843071341514587,8.003177642822266
3,sae_input,has_not xor label,0.04103464633226395,0.992060124874115,0.11768897622823715,0.9849749207496643,8.003177642822266
3,sae_recons,label,0.06644129008054733,0.9841203093528748,0.12729834020137787,0.9799665808677673,8.003177642822266
3,sae_recons,has_alice,0.0035761280450969934,0.9991642236709595,2.6614894522936083e-05,1.0,8.003177642822266
3,sae_recons,has_not,4.1641590087238e-07,1.0,1.4763528466692384e-14,1.0,8.003177642822266
3,sae_recons,has_alice xor has_not,0.08148510754108429,0.982866644859314,0.14542287588119507,0.9766277074813843,8.003177642822266
3,sae_recons,has_alice xor label,0.3194015622138977,0.9118261337280273,0.3555873930454254,0.8981635570526123,8.003177642822266
3,sae_recons,has_not xor label,0.0701262354850769,0.9878813028335571,0.1798492819070816,0.9732887744903564,8.003177642822266
3,sae_diff,label,0.041521135717630386,0.9941495656967163,0.10543858259916306,0.9883138537406921,8.003177642822266
3,sae_diff,has_alice,2.5402121082152007e-06,1.0,4.3683385229087435e-06,1.0,8.003177642822266
3,sae_diff,has_not,1.101970159567145e-08,1.0,3.153890204554699e-10,1.0,8.003177642822266
3,sae_diff,has_alice xor has_not,0.0011358527699485421,0.9991642236709595,0.00055931496899575,1.0,8.003177642822266
3,sae_diff,has_alice xor label,0.06054886803030968,0.9803593754768372,0.1478728950023651,0.9632720947265625,8.003177642822266
3,sae_diff,has_not xor label,0.08338524401187897,0.9841203093528748,0.15633030235767365,0.9766277074813843,8.003177642822266
4,sae_input,label,0.09719769656658173,0.982866644859314,0.1468781679868698,0.9883138537406921,8.281259298324585
4,sae_input,has_alice,8.075222694969852e-07,1.0,9.472183393199884e-08,1.0,8.281259298324585
4,sae_input,has_not,5.560056304482506e-19,1.0,2.201637980441552e-18,1.0,8.281259298324585
4,sae_input,has_alice xor has_not,0.2465325891971588,0.9573756456375122,0.24203883111476898,0.9632720947265625,8.281259298324585
4,sae_input,has_alice xor label,0.15192493796348572,0.9506894946098328,0.2256980687379837,0.9282136559486389,8.281259298324585
4,sae_input,has_not xor label,0.20126838982105255,0.9740910530090332,0.22514668107032776,0.9699499011039734,8.281259298324585
4,sae_recons,label,1.953235387802124,0.8541579246520996,1.4733986854553223,0.8797996640205383,8.281259298324585
4,sae_recons,has_alice,1.1880687225129805e-06,1.0,5.460126217826655e-08,1.0,8.281259298324585
4,sae_recons,has_not,3.589247785277606e-26,1.0,5.853905187374707e-36,1.0,8.281259298324585
4,sae_recons,has_alice xor has_not,0.07282816618680954,0.9878813028335571,0.06010855361819267,0.9916527271270752,8.281259298324585
4,sae_recons,has_alice xor label,0.49822551012039185,0.8758879899978638,0.5049418210983276,0.8831385374069214,8.281259298324585
4,sae_recons,has_not xor label,0.43187984824180603,0.9619724154472351,0.524835467338562,0.9565942883491516,8.281259298324585
4,sae_diff,label,0.08904223889112473,0.9816129803657532,0.15865887701511383,0.9749582409858704,8.281259298324585
4,sae_diff,has_alice,2.8408981052052695e-06,1.0,1.499426616646815e-06,1.0,8.281259298324585
4,sae_diff,has_not,4.465555702992674e-10,1.0,1.1165988110257291e-13,1.0,8.281259298324585
4,sae_diff,has_alice xor has_not,0.0005489672184921801,1.0,0.0026419979985803366,0.9983305335044861,8.281259298324585
4,sae_diff,has_alice xor label,0.14732958376407623,0.9490179419517517,0.20103351771831512,0.9348914623260498,8.281259298324585
4,sae_diff,has_not xor label,0.0035381235647946596,0.9987463355064392,0.011715386062860489,0.9949916005134583,8.281259298324585
5,sae_input,label,1.0789499282836914,0.8834099173545837,1.55613112449646,0.8647745847702026,8.5859375
5,sae_input,has_alice,7.66576420119236e-08,1.0,0.0009539393940940499,1.0,8.5859375
5,sae_input,has_not,1.2051317810346518e-07,1.0,9.90954021062862e-08,1.0,8.5859375
5,sae_input,has_alice xor has_not,0.079169362783432,0.9791057109832764,0.09141970425844193,0.9766277074813843,8.5859375
5,sae_input,has_alice xor label,0.3496263027191162,0.9126619100570679,0.48539379239082336,0.8914858102798462,8.5859375
5,sae_input,has_not xor label,0.14861033856868744,0.9837024211883545,0.6217626929283142,0.9699499011039734,8.5859375
5,sae_recons,label,0.07731812447309494,0.984538197517395,0.1570044457912445,0.9749582409858704,8.5859375
5,sae_recons,has_alice,0.2999906539916992,0.9540325403213501,0.47603639960289,0.9449081420898438,8.5859375
5,sae_recons,has_not,2.4869946102512586e-08,1.0,3.1583673454349537e-09,1.0,8.5859375
5,sae_recons,has_alice xor has_not,2.4098193645477295,0.7860426306724548,2.587984561920166,0.7929883003234863,8.5859375
5,sae_recons,has_alice xor label,0.43275195360183716,0.9030505418777466,0.4886232614517212,0.8981635570526123,8.5859375
5,sae_recons,has_not xor label,0.3549756407737732,0.9674049019813538,0.7385758757591248,0.9532554149627686,8.5859375
5,sae_diff,label,0.02960549294948578,0.9941495656967163,0.13170099258422852,0.9782971143722534,8.5859375
5,sae_diff,has_alice,8.747075241899438e-08,1.0,0.004059659782797098,0.9983305335044861,8.5859375
5,sae_diff,has_not,2.6440709461894585e-06,1.0,3.722672408912331e-05,1.0,8.5859375
5,sae_diff,has_alice xor has_not,0.0008011756581254303,0.9995821118354797,0.0032966434955596924,0.9983305335044861,8.5859375
5,sae_diff,has_alice xor label,0.05623476207256317,0.9799414873123169,0.22408556938171387,0.9365609288215637,8.5859375
5,sae_diff,has_not xor label,0.05872208625078201,0.9841203093528748,0.09239821881055832,0.9766277074813843,8.5859375
6,sae_input,label,0.10972016304731369,0.9857918620109558,0.0640072226524353,0.9949916005134583,8.211432933807373
6,sae_input,has_alice,5.504948148882249e-06,1.0,2.2830967338904884e-07,1.0,8.211432933807373
6,sae_input,has_not,6.764314548490802e-07,1.0,1.7702703452443513e-12,1.0,8.211432933807373
6,sae_input,has_alice xor has_not,0.08704834431409836,0.9820308685302734,0.12101620435714722,0.9766277074813843,8.211432933807373
6,sae_input,has_alice xor label,0.27528849244117737,0.9130797982215881,0.2746475338935852,0.9115191698074341,8.211432933807373
6,sae_input,has_not xor label,0.026153134182095528,0.9945674538612366,0.05756782367825508,0.9916527271270752,8.211432933807373
6,sae_recons,label,0.1173938512802124,0.9799414873123169,0.08706571906805038,0.9849749207496643,8.211432933807373
6,sae_recons,has_alice,0.001453722477890551,0.9995821118354797,0.00044441260979510844,1.0,8.211432933807373
6,sae_recons,has_not,6.79469906117447e-07,1.0,1.9141627302307618e-13,1.0,8.211432933807373
6,sae_recons,has_alice xor has_not,0.02103528007864952,0.9949853420257568,0.034398745745420456,0.9933221936225891,8.211432933807373
6,sae_recons,has_alice xor label,0.915314793586731,0.8136230707168579,0.8650119304656982,0.831385612487793,8.211432933807373
6,sae_recons,has_not xor label,0.1642899364233017,0.9682406783103943,0.19296489655971527,0.9833054542541504,8.211432933807373
6,sae_diff,label,0.15412206947803497,0.966151237487793,0.1790212094783783,0.9716193079948425,8.211432933807373
6,sae_diff,has_alice,7.90579861131846e-07,1.0,3.242616912757512e-07,1.0,8.211432933807373
6,sae_diff,has_not,2.9770001219731057e-07,1.0,1.6228085542024928e-07,1.0,8.211432933807373
6,sae_diff,has_alice xor has_not,0.0013750703074038029,0.9991642236709595,0.0006192569271661341,1.0,8.211432933807373
6,sae_diff,has_alice xor label,0.23402991890907288,0.9302130937576294,0.3505367636680603,0.9015024900436401,8.211432933807373
6,sae_diff,has_not xor label,0.006887578405439854,0.9979105591773987,0.010442018508911133,0.9949916005134583,8.211432933807373
7,sae_input,label,0.03327484056353569,0.9933137893676758,0.03367553651332855,0.9949916005134583,8.023251056671143
7,sae_input,has_alice,9.87130533758318e-07,1.0,5.79572031256248e-07,1.0,8.023251056671143
7,sae_input,has_not,1.3675087199217623e-30,1.0,2.5575557622772863e-28,1.0,8.023251056671143
7,sae_input,has_alice xor has_not,0.06852991878986359,0.9866276383399963,0.12038066238164902,0.9833054542541504,8.023251056671143
7,sae_input,has_alice xor label,0.6818541288375854,0.8462181091308594,0.7574223279953003,0.8330550789833069,8.023251056671143
7,sae_input,has_not xor label,0.033359698951244354,0.9945674538612366,0.04039478302001953,0.9966610670089722,8.023251056671143
7,sae_recons,label,0.10670017451047897,0.9853739738464355,0.05177098885178566,0.9916527271270752,8.023251056671143
7,sae_recons,has_alice,0.2972986400127411,0.9469285011291504,0.24122799932956696,0.9582637548446655,8.023251056671143
7,sae_recons,has_not,9.809261847237849e-09,1.0,3.8360052911912135e-08,1.0,8.023251056671143
7,sae_recons,has_alice xor has_not,0.2691034972667694,0.9423317909240723,0.4234856963157654,0.9248747825622559,8.023251056671143
7,sae_recons,has_alice xor label,0.4002249240875244,0.8992895483970642,0.5412882566452026,0.8898163437843323,8.023251056671143
7,sae_recons,has_not xor label,0.10295568406581879,0.9862097501754761,0.11263902485370636,0.9782971143722534,8.023251056671143
7,sae_diff,label,0.04837775602936745,0.9962390065193176,0.06773106008768082,0.9916527271270752,8.023251056671143
7,sae_diff,has_alice,3.423946054681437e-06,1.0,1.951305193870212e-06,1.0,8.023251056671143
7,sae_diff,has_not,4.375836226699903e-07,1.0,2.547381541262439e-07,1.0,8.023251056671143
7,sae_diff,has_alice xor has_not,0.6211293339729309,0.8269953727722168,0.8566015958786011,0.7879799604415894,8.023251056671143
7,sae_diff,has_alice xor label,0.3889881372451782,0.9043042063713074,0.4746704399585724,0.8964941501617432,8.023251056671143
7,sae_diff,has_not xor label,0.007325615733861923,0.9979105591773987,0.03194977715611458,0.9933221936225891,8.023251056671143
8,sae_input,label,0.3917286694049835,0.9469285011291504,0.2927490472793579,0.9582637548446655,8.147979974746704
8,sae_input,has_alice,2.4648875296406914e-06,1.0,1.1303986013899703e-07,1.0,8.147979974746704
8,sae_input,has_not,5.493333787853771e-07,1.0,2.143494493012099e-09,1.0,8.147979974746704
8,sae_input,has_alice xor has_not,0.02713482640683651,0.9916422367095947,0.03930685296654701,0.9866443872451782,8.147979974746704
8,sae_input,has_alice xor label,0.21636651456356049,0.9314667582511902,0.3772757351398468,0.9065108299255371,8.147979974746704
8,sae_input,has_not xor label,0.09983998537063599,0.9882991909980774,0.23909080028533936,0.9849749207496643,8.147979974746704
8,sae_recons,label,0.054814986884593964,0.9928959012031555,0.1265997737646103,0.9883138537406921,8.147979974746704
8,sae_recons,has_alice,0.09757056087255478,0.9799414873123169,0.11512352526187897,0.9682804346084595,8.147979974746704
8,sae_recons,has_not,1.3843413177935804e-12,1.0,5.304856175579356e-17,1.0,8.147979974746704
8,sae_recons,has_alice xor has_not,0.12221136689186096,0.9778520464897156,0.1102682575583458,0.9766277074813843,8.147979974746704
8,sae_recons,has_alice xor label,0.7806693911552429,0.8583368062973022,1.0888489484786987,0.8330550789833069,8.147979974746704
8,sae_recons,has_not xor label,0.32165831327438354,0.9686585664749146,0.5591486692428589,0.9582637548446655,8.147979974746704
8,sae_diff,label,0.10719341784715652,0.9799414873123169,0.14825762808322906,0.9732887744903564,8.147979974746704
8,sae_diff,has_alice,9.345902981294785e-06,1.0,1.739485924190376e-05,1.0,8.147979974746704
8,sae_diff,has_not,5.3011014244930266e-08,1.0,1.849795951179914e-13,1.0,8.147979974746704
8,sae_diff,has_alice xor has_not,0.00044528115540742874,1.0,0.012971455231308937,0.9949916005134583,8.147979974746704
8,sae_diff,has_alice xor label,0.6055268049240112,0.8700375556945801,0.8123993277549744,0.8447412252426147,8.147979974746704
8,sae_diff,has_not xor label,0.029824577271938324,0.9949853420257568,0.07901386171579361,0.9899832606315613,8.147979974746704
9,sae_input,label,0.07624002546072006,0.9895528554916382,0.15267445147037506,0.9782971143722534,8.141719102859497
9,sae_input,has_alice,0.014080749824643135,0.9974926710128784,0.04768596217036247,0.9899832606315613,8.141719102859497
9,sae_input,has_not,1.7972395119268804e-18,1.0,1.0002518042209053e-23,1.0,8.141719102859497
9,sae_input,has_alice xor has_not,0.11785129457712173,0.9736731648445129,0.2011878341436386,0.9565942883491516,8.141719102859497
9,sae_input,has_alice xor label,1.686580777168274,0.7918930053710938,2.176682710647583,0.7412353754043579,8.141719102859497
9,sae_input,has_not xor label,0.0461941733956337,0.993731677532196,0.09405458718538284,0.9849749207496643,8.141719102859497
9,sae_recons,label,0.21352292597293854,0.9761804938316345,0.4195249378681183,0.9649415612220764,8.141719102859497
9,sae_recons,has_alice,0.010554240085184574,0.9979105591773987,2.175393638026435e-05,1.0,8.141719102859497
9,sae_recons,has_not,8.241531190833484e-07,1.0,4.776332218625612e-09,1.0,8.141719102859497
9,sae_recons,has_alice xor has_not,0.02730240486562252,0.9945674538612366,0.051719535142183304,0.9916527271270752,8.141719102859497
9,sae_recons,has_alice xor label,1.0334386825561523,0.8052653074264526,1.2164273262023926,0.7913188338279724,8.141719102859497
9,sae_recons,has_not xor label,0.41730961203575134,0.9611366391181946,0.7695317268371582,0.9432386755943298,8.141719102859497
9,sae_diff,label,0.029115356504917145,0.9916422367095947,0.16577355563640594,0.9816360473632812,8.141719102859497
9,sae_diff,has_alice,5.35154913450242e-06,1.0,1.7784507235774072e-06,1.0,8.141719102859497
9,sae_diff,has_not,1.0635559419824858e-06,1.0,1.956783989953692e-06,1.0,8.141719102859497
9,sae_diff,has_alice xor has_not,0.0005667766672559083,1.0,0.0022393865510821342,0.9983305335044861,8.141719102859497
9,sae_diff,has_alice xor label,0.052982013672590256,0.9795235991477966,0.19277016818523407,0.9432386755943298,8.141719102859497
9,sae_diff,has_not xor label,0.005466877017170191,0.9974926710128784,0.04259713739156723,0.9883138537406921,8.141719102859497
10,sae_input,label,0.14991891384124756,0.9887170791625977,0.24908237159252167,0.9866443872451782,8.074220180511475
10,sae_input,has_alice,2.6782784323664544e-10,1.0,5.030228233948719e-09,1.0,8.074220180511475
10,sae_input,has_not,1.142307531524318e-14,1.0,5.0777431059008766e-21,1.0,8.074220180511475
10,sae_input,has_alice xor has_not,0.08463726192712784,0.9816129803657532,0.08338914811611176,0.9732887744903564,8.074220180511475
10,sae_input,has_alice xor label,0.21065577864646912,0.9398244619369507,0.32073768973350525,0.9198664426803589,8.074220180511475
10,sae_input,has_not xor label,0.4699745774269104,0.9557040929794312,0.5302301049232483,0.9398998022079468,8.074220180511475
10,sae_recons,label,0.7502748966217041,0.8946928381919861,1.1473957300186157,0.8514190316200256,8.074220180511475
10,sae_recons,has_alice,0.00672331266105175,0.9987463355064392,0.00020601792493835092,1.0,8.074220180511475
10,sae_recons,has_not,1.3549906086041119e-08,1.0,1.5125051788800192e-07,1.0,8.074220180511475
10,sae_recons,has_alice xor has_not,0.06163112074136734,0.982866644859314,0.06820745021104813,0.9766277074813843,8.074220180511475
10,sae_recons,has_alice xor label,0.42700785398483276,0.900543212890625,0.5629140138626099,0.8848080039024353,8.074220180511475
10,sae_recons,has_not xor label,2.2718818187713623,0.8044295907020569,2.8046481609344482,0.7879799604415894,8.074220180511475
10,sae_diff,label,0.017628390341997147,0.9962390065193176,0.07542447000741959,0.9916527271270752,8.074220180511475
10,sae_diff,has_alice,4.693369646702195e-06,1.0,1.563205614729668e-06,1.0,8.074220180511475
10,sae_diff,has_not,1.4207478216121672e-06,1.0,5.1258002713439055e-06,1.0,8.074220180511475
10,sae_diff,has_alice xor has_not,0.0001733124372549355,1.0,0.000787016935646534,1.0,8.074220180511475
10,sae_diff,has_alice xor label,0.10415180772542953,0.9632260203361511,0.17551563680171967,0.9565942883491516,8.074220180511475
10,sae_diff,has_not xor label,1.0061086416244507,0.8625156283378601,1.3761613368988037,0.8280467391014099,8.074220180511475
11,sae_input,label,0.037660785019397736,0.9924780130386353,0.06990481168031693,0.9916527271270752,8.290351152420044
11,sae_input,has_alice,4.9325112740916666e-06,1.0,5.477127160702366e-07,1.0,8.290351152420044
11,sae_input,has_not,2.592232696129338e-14,1.0,2.4083341987335416e-09,1.0,8.290351152420044
11,sae_input,has_alice xor has_not,0.002678242512047291,0.9991642236709595,0.0011013090843334794,1.0,8.290351152420044
11,sae_input,has_alice xor label,0.23332849144935608,0.9385707974433899,0.39808711409568787,0.9115191698074341,8.290351152420044
11,sae_input,has_not xor label,0.05495782196521759,0.9945674538612366,0.07524850219488144,0.9899832606315613,8.290351152420044
11,sae_recons,label,0.17131191492080688,0.9795235991477966,0.2597410976886749,0.9732887744903564,8.290351152420044
11,sae_recons,has_alice,0.0005474213394336402,0.9995821118354797,2.973191897126526e-07,1.0,8.290351152420044
11,sae_recons,has_not,5.743861386520166e-09,1.0,0.0008268537931144238,1.0,8.290351152420044
11,sae_recons,has_alice xor has_not,0.060487475246191025,0.9857918620109558,0.0860874131321907,0.9766277074813843,8.290351152420044
11,sae_recons,has_alice xor label,1.36765456199646,0.8152945637702942,1.4266738891601562,0.8196994662284851,8.290351152420044
11,sae_recons,has_not xor label,0.11236146092414856,0.9841203093528748,0.1616159975528717,0.9782971143722534,8.290351152420044
11,sae_diff,label,0.020767368376255035,0.9958211183547974,0.09429825842380524,0.9933221936225891,8.290351152420044
11,sae_diff,has_alice,4.343057298683561e-06,1.0,4.38516281064949e-06,1.0,8.290351152420044
11,sae_diff,has_not,3.2356979318137746e-08,1.0,1.4854376786388457e-05,1.0,8.290351152420044
11,sae_diff,has_alice xor has_not,0.0002532915095798671,1.0,0.0047817532904446125,0.9983305335044861,8.290351152420044
11,sae_diff,has_alice xor label,0.08448681980371475,0.9728373885154724,0.19322869181632996,0.9365609288215637,8.290351152420044
11,sae_diff,has_not xor label,0.006031885277479887,0.9979105591773987,0.041116420179605484,0.9949916005134583,8.290351152420044
12,sae_input,label,0.5248138308525085,0.9431675672531128,0.3899039626121521,0.9599332213401794,8.296092510223389
12,sae_input,has_alice,3.0851439078105614e-05,1.0,2.1618322421090852e-07,1.0,8.296092510223389
12,sae_input,has_not,5.278723144449456e-26,1.0,2.7820581899618495e-27,1.0,8.296092510223389
12,sae_input,has_alice xor has_not,0.04318609461188316,0.9903886318206787,0.09783332794904709,0.9849749207496643,8.296092510223389
12,sae_input,has_alice xor label,1.0474883317947388,0.834935188293457,0.9057009816169739,0.8681135177612305,8.296092510223389
12,sae_input,has_not xor label,0.024538865312933922,0.9962390065193176,0.0023076115176081657,0.9983305335044861,8.296092510223389
12,sae_recons,label,0.16786964237689972,0.9765983819961548,0.054159559309482574,0.9883138537406921,8.296092510223389
12,sae_recons,has_alice,0.07369856536388397,0.9841203093528748,0.18979252874851227,0.9749582409858704,8.296092510223389
12,sae_recons,has_not,4.853357756781423e-15,1.0,3.861673318435421e-24,1.0,8.296092510223389
12,sae_recons,has_alice xor has_not,0.7038788795471191,0.8884245157241821,0.8148870468139648,0.8831385374069214,8.296092510223389
12,sae_recons,has_alice xor label,0.2723903954029083,0.9201838374137878,0.3631376028060913,0.8964941501617432,8.296092510223389
12,sae_recons,has_not xor label,0.403565913438797,0.9628081321716309,0.24397853016853333,0.9749582409858704,8.296092510223389
12,sae_diff,label,0.02090482972562313,0.9962390065193176,0.011329852044582367,0.9983305335044861,8.296092510223389
12,sae_diff,has_alice,1.9441029508016072e-05,1.0,1.595478897797875e-05,1.0,8.296092510223389
12,sae_diff,has_not,2.144971700257514e-12,1.0,3.293497202391804e-14,1.0,8.296092510223389
12,sae_diff,has_alice xor has_not,0.0001099368673749268,1.0,0.0074491132982075214,0.9983305335044861,8.296092510223389
12,sae_diff,has_alice xor label,0.08584383875131607,0.9707480072975159,0.13307084143161774,0.9599332213401794,8.296092510223389
12,sae_diff,has_not xor label,0.006465609651058912,0.9974926710128784,0.0018379425164312124,1.0,8.296092510223389
13,sae_input,label,0.25460225343704224,0.9544504284858704,0.2712003290653229,0.9499164819717407,8.105540037155151
13,sae_input,has_alice,2.816934240121999e-13,1.0,1.0234900271998684e-15,1.0,8.105540037155151
13,sae_input,has_not,2.3946330726254335e-19,1.0,1.967313781534913e-21,1.0,8.105540037155151
13,sae_input,has_alice xor has_not,0.017085259780287743,0.9958211183547974,0.02822159044444561,0.9949916005134583,8.105540037155151
13,sae_input,has_alice xor label,4.115145206451416,0.6406184434890747,4.058625221252441,0.6560934782028198,8.105540037155151
13,sae_input,has_not xor label,0.019980523735284805,0.9962390065193176,0.03969645872712135,0.9949916005134583,8.105540037155151
13,sae_recons,label,0.23048420250415802,0.9686585664749146,0.13595207035541534,0.9816360473632812,8.105540037155151
13,sae_recons,has_alice,3.624748933361843e-05,1.0,0.003956025466322899,0.9966610670089722,8.105540037155151
13,sae_recons,has_not,1.7229192295076246e-08,1.0,2.6647488469283553e-13,1.0,8.105540037155151
13,sae_recons,has_alice xor has_not,0.03109179437160492,0.9912243485450745,0.07006798684597015,0.9883138537406921,8.105540037155151
13,sae_recons,has_alice xor label,0.37716078758239746,0.908065140247345,0.4933527708053589,0.8781301975250244,8.105540037155151
13,sae_recons,has_not xor label,0.2989829182624817,0.9577935338020325,0.33350810408592224,0.9699499011039734,8.105540037155151
13,sae_diff,label,0.07528633624315262,0.9870455265045166,0.11707249283790588,0.9766277074813843,8.105540037155151
13,sae_diff,has_alice,5.8018140407511964e-06,1.0,0.0019601313397288322,0.9983305335044861,8.105540037155151
13,sae_diff,has_not,1.7050211909008794e-06,1.0,9.97170218397514e-07,1.0,8.105540037155151
13,sae_diff,has_alice xor has_not,0.015849504619836807,0.9954032301902771,0.017421290278434753,0.9983305335044861,8.105540037155151
13,sae_diff,has_alice xor label,0.14724545180797577,0.9544504284858704,0.2619590163230896,0.9282136559486389,8.105540037155151
13,sae_diff,has_not xor label,0.0668587014079094,0.9849560856819153,0.07422653585672379,0.9883138537406921,8.105540037155151
14,sae_input,label,0.9609072804450989,0.8926033973693848,1.1458722352981567,0.8964941501617432,8.054683446884155
14,sae_input,has_alice,2.2678082132188138e-06,1.0,8.201053702805439e-08,1.0,8.054683446884155
14,sae_input,has_not,2.538614864988631e-07,1.0,8.229978266172111e-05,1.0,8.054683446884155
14,sae_input,has_alice xor has_not,0.04598477855324745,0.9874634146690369,0.0664740800857544,0.9816360473632812,8.054683446884155
14,sae_input,has_alice xor label,0.24813662469387054,0.9197659492492676,0.36004605889320374,0.8981635570526123,8.054683446884155
14,sae_input,has_not xor label,0.06539643555879593,0.993731677532196,0.1240670308470726,0.9866443872451782,8.054683446884155
14,sae_recons,label,0.3414168953895569,0.9368992447853088,0.5922194719314575,0.903171956539154,8.054683446884155
14,sae_recons,has_alice,0.01549046766012907,0.9979105591773987,0.004126215353608131,0.9983305335044861,8.054683446884155
14,sae_recons,has_not,2.327936315937862e-10,1.0,2.420380736112282e-12,1.0,8.054683446884155
14,sae_recons,has_alice xor has_not,0.05926043540239334,0.9882991909980774,0.06809616088867188,0.9866443872451782,8.054683446884155
14,sae_recons,has_alice xor label,0.32650914788246155,0.9084830284118652,0.3921964764595032,0.9015024900436401,8.054683446884155
14,sae_recons,has_not xor label,0.08291526138782501,0.9841203093528748,0.21632853150367737,0.9716193079948425,8.054683446884155
14,sae_diff,label,0.03397725895047188,0.9908064603805542,0.12971310317516327,0.9883138537406921,8.054683446884155
14,sae_diff,has_alice,2.387861968600191e-06,1.0,1.2540790521597955e-06,1.0,8.054683446884155
14,sae_diff,has_not,2.783474666034902e-11,1.0,5.236215107340403e-13,1.0,8.054683446884155
14,sae_diff,has_alice xor has_not,0.004160868935286999,0.9987463355064392,0.006809200160205364,0.9966610670089722,8.054683446884155
14,sae_diff,has_alice xor label,0.07963555306196213,0.9749268293380737,0.13617022335529327,0.9599332213401794,8.054683446884155
14,sae_diff,has_not xor label,0.0051569025963544846,0.9979105591773987,0.03804638981819153,0.9933221936225891,8.054683446884155
15,sae_input,label,2.7321858406066895,0.767655611038208,2.9207277297973633,0.7529215216636658,8.08313775062561
15,sae_input,has_alice,1.0468920869088905e-10,1.0,0.006599049083888531,0.9983305335044861,8.08313775062561
15,sae_input,has_not,1.516022052783228e-06,1.0,1.0082382040366156e-08,1.0,8.08313775062561
15,sae_input,has_alice xor has_not,0.013801828026771545,0.9945674538612366,0.014860443770885468,0.9949916005134583,8.08313775062561
15,sae_input,has_alice xor label,0.19642207026481628,0.9423317909240723,0.355072557926178,0.908180296421051,8.08313775062561
15,sae_input,has_not xor label,0.17873650789260864,0.9870455265045166,0.15070712566375732,0.9833054542541504,8.08313775062561
15,sae_recons,label,0.08537352085113525,0.9824487566947937,0.08592816442251205,0.9849749207496643,8.08313775062561
15,sae_recons,has_alice,1.8907527191913687e-05,1.0,0.016499530524015427,0.9983305335044861,8.08313775062561
15,sae_recons,has_not,2.1676767048006695e-09,1.0,1.5804065001123746e-10,1.0,8.08313775062561
15,sae_recons,has_alice xor has_not,0.2900339663028717,0.9260342121124268,0.25221845507621765,0.9449081420898438,8.08313775062561
15,sae_recons,has_alice xor label,0.7091739773750305,0.8600083589553833,0.8851795196533203,0.8247078061103821,8.08313775062561
15,sae_recons,has_not xor label,0.11385712772607803,0.9874634146690369,0.11137782037258148,0.9833054542541504,8.08313775062561
15,sae_diff,label,0.07931814342737198,0.9882991909980774,0.12691478431224823,0.9782971143722534,8.08313775062561
15,sae_diff,has_alice,4.921449772155029e-07,1.0,0.0009670800645835698,1.0,8.08313775062561
15,sae_diff,has_not,2.7499524435370404e-07,1.0,7.272966229265876e-08,1.0,8.08313775062561
15,sae_diff,has_alice xor has_not,0.08401867002248764,0.9761804938316345,0.12726543843746185,0.9649415612220764,8.08313775062561
15,sae_diff,has_alice xor label,0.15642909705638885,0.9536146521568298,0.18040455877780914,0.9449081420898438,8.08313775062561
15,sae_diff,has_not xor label,0.0028357862029224634,0.9991642236709595,0.0011007941793650389,1.0,8.08313775062561
16,sae_input,label,0.20758464932441711,0.9690764546394348,0.17358696460723877,0.9682804346084595,8.690183162689209
16,sae_input,has_alice,2.701277992400719e-07,1.0,1.43406296615467e-07,1.0,8.690183162689209
16,sae_input,has_not,8.283281436732102e-17,1.0,1.3628293345886968e-20,1.0,8.690183162689209
16,sae_input,has_alice xor has_not,0.06728193908929825,0.9816129803657532,0.1197737455368042,0.9582637548446655,8.690183162689209
16,sae_input,has_alice xor label,1.5253832340240479,0.6999582052230835,1.6542911529541016,0.6861435770988464,8.690183162689209
16,sae_input,has_not xor label,0.026979750022292137,0.9954032301902771,0.011877735145390034,0.9983305335044861,8.690183162689209
16,sae_recons,label,0.09697157889604568,0.9824487566947937,0.06007583811879158,0.9849749207496643,8.690183162689209
16,sae_recons,has_alice,0.007996240630745888,0.998328447341919,0.01150397676974535,0.9933221936225891,8.690183162689209
16,sae_recons,has_not,3.9855452271808645e-09,1.0,4.406253811088295e-18,1.0,8.690183162689209
16,sae_recons,has_alice xor has_not,0.16341376304626465,0.9615545272827148,0.24618221819400787,0.9532554149627686,8.690183162689209
16,sae_recons,has_alice xor label,3.1579766273498535,0.6172168850898743,3.5242130756378174,0.6010016798973083,8.690183162689209
16,sae_recons,has_not xor label,0.12975147366523743,0.9837024211883545,0.03979184105992317,0.9866443872451782,8.690183162689209
16,sae_diff,label,0.18930885195732117,0.9644796848297119,0.1654520332813263,0.9682804346084595,8.690183162689209
16,sae_diff,has_alice,1.5901059668976814e-06,1.0,4.394288225739729e-06,1.0,8.690183162689209
16,sae_diff,has_not,7.901093668216674e-11,1.0,4.794971086852229e-10,1.0,8.690183162689209
16,sae_diff,has_alice xor has_not,0.004034660756587982,0.9987463355064392,0.027040284126996994,0.9933221936225891,8.690183162689209
16,sae_diff,has_alice xor label,0.04597477614879608,0.9837024211883545,0.1035507321357727,0.9682804346084595,8.690183162689209
16,sae_diff,has_not xor label,0.0043725366704165936,0.9987463355064392,8.090677874861285e-05,1.0,8.690183162689209
17,sae_input,label,0.057358309626579285,0.9912243485450745,0.3094547688961029,0.9816360473632812,8.208737134933472
17,sae_input,has_alice,8.427277862210758e-07,1.0,3.377623443157063e-07,1.0,8.208737134933472
17,sae_input,has_not,3.806008082006822e-16,1.0,2.5385829845029663e-14,1.0,8.208737134933472
17,sae_input,has_alice xor has_not,0.004837276414036751,0.9974926710128784,0.014141175895929337,0.9949916005134583,8.208737134933472
17,sae_input,has_alice xor label,0.48138347268104553,0.8976180553436279,0.5303054451942444,0.8781301975250244,8.208737134933472
17,sae_input,has_not xor label,0.019823787733912468,0.9949853420257568,0.13385958969593048,0.9916527271270752,8.208737134933472
17,sae_recons,label,0.07316569238901138,0.9853739738464355,0.29488858580589294,0.9682804346084595,8.208737134933472
17,sae_recons,has_alice,0.0029904209077358246,0.998328447341919,0.04545757174491882,0.9949916005134583,8.208737134933472
17,sae_recons,has_not,7.572006666123343e-08,1.0,1.1041287280022516e-06,1.0,8.208737134933472
17,sae_recons,has_alice xor has_not,0.04913484305143356,0.9853739738464355,0.09362320601940155,0.9816360473632812,8.208737134933472
17,sae_recons,has_alice xor label,0.3264365494251251,0.9176765084266663,0.5210742354393005,0.8881468772888184,8.208737134933472
17,sae_recons,has_not xor label,2.727177858352661,0.8520684838294983,4.071103096008301,0.821368932723999,8.208737134933472
17,sae_diff,label,0.005351324565708637,0.9974926710128784,0.121604785323143,0.9799665808677673,8.208737134933472
17,sae_diff,has_alice,5.883166977582732e-06,1.0,2.1588195977528812e-06,1.0,8.208737134933472
17,sae_diff,has_not,1.009469428936427e-06,1.0,1.5922200224949279e-09,1.0,8.208737134933472
17,sae_diff,has_alice xor has_not,0.055768053978681564,0.9799414873123169,0.11882469803094864,0.9616026282310486,8.208737134933472
17,sae_diff,has_alice xor label,0.4001390039920807,0.8976180553436279,0.614841639995575,0.8614357113838196,8.208737134933472
17,sae_diff,has_not xor label,0.05574364587664604,0.9912243485450745,0.28811824321746826,0.9782971143722534,8.208737134933472
18,sae_input,label,0.13823004066944122,0.9841203093528748,0.45248228311538696,0.9699499011039734,8.427305459976196
18,sae_input,has_alice,1.201286181640171e-06,1.0,9.13914277589356e-08,1.0,8.427305459976196
18,sae_input,has_not,6.255409346067609e-08,1.0,0.00036224673385731876,1.0,8.427305459976196
18,sae_input,has_alice xor has_not,0.031734805554151535,0.9924780130386353,0.04704131558537483,0.9916527271270752,8.427305459976196
18,sae_input,has_alice xor label,0.5315165519714355,0.8712912201881409,0.6641348600387573,0.8597662448883057,8.427305459976196
18,sae_input,has_not xor label,0.03929594159126282,0.9958211183547974,0.1745080202817917,0.9833054542541504,8.427305459976196
18,sae_recons,label,0.07160905003547668,0.9878813028335571,0.1254826784133911,0.9816360473632812,8.427305459976196
18,sae_recons,has_alice,0.00012082501052645966,1.0,0.00421366561204195,0.9983305335044861,8.427305459976196
18,sae_recons,has_not,5.351678851184261e-07,1.0,0.0015367749147117138,0.9983305335044861,8.427305459976196
18,sae_recons,has_alice xor has_not,0.13017691671848297,0.9732552766799927,0.2702822983264923,0.9599332213401794,8.427305459976196
18,sae_recons,has_alice xor label,0.6315070986747742,0.860844075679779,0.7526235580444336,0.8430717587471008,8.427305459976196
18,sae_recons,has_not xor label,1.7890738248825073,0.8771416544914246,2.019402265548706,0.8848080039024353,8.427305459976196
18,sae_diff,label,0.11184334009885788,0.9778520464897156,0.3368574380874634,0.9666109681129456,8.427305459976196
18,sae_diff,has_alice,4.383793328344154e-09,1.0,4.60292649011445e-21,1.0,8.427305459976196
18,sae_diff,has_not,2.961553775548964e-07,1.0,4.984447343758802e-08,1.0,8.427305459976196
18,sae_diff,has_alice xor has_not,0.00045229020179249346,1.0,0.004452911205589771,0.9983305335044861,8.427305459976196
18,sae_diff,has_alice xor label,0.10188410431146622,0.9653154611587524,0.2311331182718277,0.9465776085853577,8.427305459976196
18,sae_diff,has_not xor label,0.004378902725875378,0.998328447341919,0.0665246993303299,0.9883138537406921,8.427305459976196
19,sae_input,label,0.21012996137142181,0.9774341583251953,0.23332814872264862,0.9833054542541504,8.242010831832886
19,sae_input,has_alice,3.2272621410811553e-06,1.0,1.233888997376198e-05,1.0,8.242010831832886
19,sae_input,has_not,1.8852234009991697e-11,1.0,1.2441969943211006e-07,1.0,8.242010831832886
19,sae_input,has_alice xor has_not,0.0025716808158904314,0.9995821118354797,0.028371883556246758,0.9966610670089722,8.242010831832886
19,sae_input,has_alice xor label,0.4181004464626312,0.876305878162384,0.46792513132095337,0.8781301975250244,8.242010831832886
19,sae_input,has_not xor label,0.14327625930309296,0.9866276383399963,0.22066037356853485,0.9782971143722534,8.242010831832886
19,sae_recons,label,0.25189587473869324,0.9674049019813538,0.19799558818340302,0.9732887744903564,8.242010831832886
19,sae_recons,has_alice,0.003317736554890871,0.9995821118354797,6.265121919568628e-05,1.0,8.242010831832886
19,sae_recons,has_not,9.649899584474042e-05,1.0,4.455148385200432e-34,1.0,8.242010831832886
19,sae_recons,has_alice xor has_not,0.2082991898059845,0.958629310131073,0.31902632117271423,0.9432386755943298,8.242010831832886
19,sae_recons,has_alice xor label,0.4828115403652191,0.8880066871643066,0.4637351632118225,0.8898163437843323,8.242010831832886
19,sae_recons,has_not xor label,0.14279884099960327,0.9837024211883545,0.17491811513900757,0.9766277074813843,8.242010831832886
19,sae_diff,label,0.07829762995243073,0.9899707436561584,0.1160246729850769,0.9883138537406921,8.242010831832886
19,sae_diff,has_alice,6.092113835620694e-06,1.0,2.4509367904101964e-06,1.0,8.242010831832886
19,sae_diff,has_not,4.889923275186447e-07,1.0,1.2737634058623826e-08,1.0,8.242010831832886
19,sae_diff,has_alice xor has_not,0.00019954031449742615,1.0,0.0037876321002840996,0.9966610670089722,8.242010831832886
19,sae_diff,has_alice xor label,0.0649801716208458,0.9778520464897156,0.08098522573709488,0.9699499011039734,8.242010831832886
19,sae_diff,has_not xor label,0.02995288372039795,0.9954032301902771,0.03354453667998314,0.9916527271270752,8.242010831832886
20,sae_input,label,0.24917401373386383,0.9686585664749146,0.17344695329666138,0.9682804346084595,8.17297625541687
20,sae_input,has_alice,1.5981314618329634e-06,1.0,0.026001423597335815,0.9983305335044861,8.17297625541687
20,sae_input,has_not,4.782319962259862e-08,1.0,8.027685093485418e-20,1.0,8.17297625541687
20,sae_input,has_alice xor has_not,0.17023500800132751,0.9594650864601135,0.2673168182373047,0.9382303357124329,8.17297625541687
20,sae_input,has_alice xor label,0.4218263030052185,0.8963643908500671,0.5148274302482605,0.8781301975250244,8.17297625541687
20,sae_input,has_not xor label,0.6435821056365967,0.9323025345802307,0.7211065292358398,0.9248747825622559,8.17297625541687
20,sae_recons,label,0.07057524472475052,0.9837024211883545,0.04888507351279259,0.9883138537406921,8.17297625541687
20,sae_recons,has_alice,0.00017056844080798328,1.0,0.03502116724848747,0.9966610670089722,8.17297625541687
20,sae_recons,has_not,5.2202704381443255e-09,1.0,7.358964240929133e-13,1.0,8.17297625541687
20,sae_recons,has_alice xor has_not,2.242116928100586,0.7743418216705322,2.271038055419922,0.7813021540641785,8.17297625541687
20,sae_recons,has_alice xor label,0.4465373754501343,0.893021285533905,0.6323133111000061,0.8747912645339966,8.17297625541687
20,sae_recons,has_not xor label,0.07945036143064499,0.9878813028335571,0.12576276063919067,0.9766277074813843,8.17297625541687
20,sae_diff,label,0.04074167460203171,0.9912243485450745,0.026555504649877548,0.9916527271270752,8.17297625541687
20,sae_diff,has_alice,1.8346867136642686e-06,1.0,0.009343696758151054,0.9983305335044861,8.17297625541687
20,sae_diff,has_not,1.4105855825619074e-06,1.0,2.1382097656896804e-06,1.0,8.17297625541687
20,sae_diff,has_alice xor has_not,0.00027335979393683374,1.0,0.008416760712862015,0.9966610670089722,8.17297625541687
20,sae_diff,has_alice xor label,0.06543141603469849,0.9791057109832764,0.14280346035957336,0.9666109681129456,8.17297625541687
20,sae_diff,has_not xor label,0.0058319829404354095,0.9979105591773987,0.01320517249405384,0.9983305335044861,8.17297625541687
21,sae_input,label,0.06648118048906326,0.9916422367095947,0.15466736257076263,0.9782971143722534,8.483242988586426
21,sae_input,has_alice,2.1770160856249277e-06,1.0,0.0002175804547732696,1.0,8.483242988586426
21,sae_input,has_not,3.5867397940592127e-09,1.0,1.273688496894465e-07,1.0,8.483242988586426
21,sae_input,has_alice xor has_not,0.016825327649712563,0.9974926710128784,0.003490323666483164,0.9983305335044861,8.483242988586426
21,sae_input,has_alice xor label,0.9054875373840332,0.7814458608627319,0.8863820433616638,0.7979966402053833,8.483242988586426
21,sae_input,has_not xor label,0.2490076720714569,0.9824487566947937,0.3864700198173523,0.9732887744903564,8.483242988586426
21,sae_recons,label,0.06257299333810806,0.9908064603805542,0.10981788486242294,0.9849749207496643,8.483242988586426
21,sae_recons,has_alice,0.01927918754518032,0.993731677532196,0.02609187178313732,0.9933221936225891,8.483242988586426
21,sae_recons,has_not,6.456131984577951e-08,1.0,1.6764925021561794e-06,1.0,8.483242988586426
21,sae_recons,has_alice xor has_not,0.158269003033638,0.9757626056671143,0.15657855570316315,0.9749582409858704,8.483242988586426
21,sae_recons,has_alice xor label,0.3200789988040924,0.9206017255783081,0.3707194924354553,0.8964941501617432,8.483242988586426
21,sae_recons,has_not xor label,0.05556157976388931,0.9912243485450745,0.07350049912929535,0.9899832606315613,8.483242988586426
21,sae_diff,label,0.1342557668685913,0.9782699346542358,0.200262650847435,0.9766277074813843,8.483242988586426
21,sae_diff,has_alice,3.981348982051713e-06,1.0,1.0947822374873795e-05,1.0,8.483242988586426
21,sae_diff,has_not,8.747659876462421e-07,1.0,0.0003287899598944932,1.0,8.483242988586426
21,sae_diff,has_alice xor has_not,0.0005790633731521666,0.9995821118354797,0.0004149339802097529,1.0,8.483242988586426
21,sae_diff,has_alice xor label,0.2677554190158844,0.9214375019073486,0.5062702894210815,0.8898163437843323,8.483242988586426
21,sae_diff,has_not xor label,0.005650887731462717,0.9979105591773987,0.014967456459999084,0.9949916005134583,8.483242988586426
22,sae_input,label,0.04020961746573448,0.9928959012031555,0.13417205214500427,0.9866443872451782,8.468164443969727
22,sae_input,has_alice,1.8591926220778987e-08,1.0,1.4039904954188387e-06,1.0,8.468164443969727
22,sae_input,has_not,5.83361178314324e-20,1.0,4.69881724422139e-24,1.0,8.468164443969727
22,sae_input,has_alice xor has_not,0.0016315123066306114,0.9995821118354797,0.03958270326256752,0.9916527271270752,8.468164443969727
22,sae_input,has_alice xor label,0.22604480385780334,0.9302130937576294,0.2937014102935791,0.9232053160667419,8.468164443969727
22,sae_input,has_not xor label,0.19755664467811584,0.9745089411735535,0.3609123229980469,0.9682804346084595,8.468164443969727
22,sae_recons,label,0.03984526917338371,0.9899707436561584,0.08141199499368668,0.9866443872451782,8.468164443969727
22,sae_recons,has_alice,0.0833369642496109,0.9903886318206787,0.1289955973625183,0.9866443872451782,8.468164443969727
22,sae_recons,has_not,4.580629653361257e-09,1.0,1.4235312147808932e-12,1.0,8.468164443969727
22,sae_recons,has_alice xor has_not,0.08700387179851532,0.9832845330238342,0.09981977194547653,0.9766277074813843,8.468164443969727
22,sae_recons,has_alice xor label,1.1327342987060547,0.8127872943878174,1.2538284063339233,0.7729548811912537,8.468164443969727
22,sae_recons,has_not xor label,0.32108041644096375,0.9469285011291504,0.4728682339191437,0.9415692687034607,8.468164443969727
22,sae_diff,label,0.059027090668678284,0.9853739738464355,0.20298117399215698,0.9866443872451782,8.468164443969727
22,sae_diff,has_alice,2.6217005597573007e-06,1.0,0.00010577542707324028,1.0,8.468164443969727
22,sae_diff,has_not,5.352917753498332e-08,1.0,5.954717163803025e-09,1.0,8.468164443969727
22,sae_diff,has_alice xor has_not,0.0003180821076966822,1.0,0.0009750201134011149,1.0,8.468164443969727
22,sae_diff,has_alice xor label,0.09042960405349731,0.966151237487793,0.17865993082523346,0.9449081420898438,8.468164443969727
22,sae_diff,has_not xor label,0.21831287443637848,0.9594650864601135,0.30067428946495056,0.9499164819717407,8.468164443969727
23,sae_input,label,0.25669753551483154,0.9694943428039551,0.3617919385433197,0.9532554149627686,8.411328077316284
23,sae_input,has_alice,1.2592790881171823e-06,1.0,0.017406245693564415,0.9983305335044861,8.411328077316284
23,sae_input,has_not,1.6530740545247404e-19,1.0,2.5473770648432037e-08,1.0,8.411328077316284
23,sae_input,has_alice xor has_not,0.3164677619934082,0.9452569484710693,0.2450663298368454,0.9582637548446655,8.411328077316284
23,sae_input,has_alice xor label,0.20830833911895752,0.9348098635673523,0.283098965883255,0.9048413634300232,8.411328077316284
23,sae_input,has_not xor label,1.184968113899231,0.8817383646965027,1.4851725101470947,0.8848080039024353,8.411328077316284
23,sae_recons,label,0.03848278149962425,0.9912243485450745,0.08291586488485336,0.9866443872451782,8.411328077316284
23,sae_recons,has_alice,4.015815648017451e-05,1.0,0.026623539626598358,0.9983305335044861,8.411328077316284
23,sae_recons,has_not,9.819799515753402e-07,1.0,0.0013558801729232073,0.9983305335044861,8.411328077316284
23,sae_recons,has_alice xor has_not,0.06480509042739868,0.9811951518058777,0.14012503623962402,0.9649415612220764,8.411328077316284
23,sae_recons,has_alice xor label,1.6024121046066284,0.7496865391731262,1.780983567237854,0.726210355758667,8.411328077316284
23,sae_recons,has_not xor label,0.0960741639137268,0.9874634146690369,0.11471475660800934,0.9866443872451782,8.411328077316284
23,sae_diff,label,0.04184545576572418,0.9924780130386353,0.11071784794330597,0.9933221936225891,8.411328077316284
23,sae_diff,has_alice,5.9047824834124185e-06,1.0,0.0001835005678003654,1.0,8.411328077316284
23,sae_diff,has_not,1.160310375780682e-06,1.0,6.83015855429403e-07,1.0,8.411328077316284
23,sae_diff,has_alice xor has_not,0.0016890906263142824,0.9991642236709595,0.04744938760995865,0.9933221936225891,8.411328077316284
23,sae_diff,has_alice xor label,0.06215162202715874,0.9816129803657532,0.16013818979263306,0.9582637548446655,8.411328077316284
23,sae_diff,has_not xor label,0.09264624118804932,0.9765983819961548,0.12651413679122925,0.9632720947265625,8.411328077316284
24,sae_input,label,0.10401182621717453,0.9849560856819153,0.2511407136917114,0.9749582409858704,8.378952980041504
24,sae_input,has_alice,2.2483265027517518e-08,1.0,0.0007181235123425722,1.0,8.378952980041504
24,sae_input,has_not,6.256990151692898e-12,1.0,1.1594956934965917e-14,1.0,8.378952980041504
24,sae_input,has_alice xor has_not,0.03400158882141113,0.9916422367095947,0.03241679072380066,0.9933221936225891,8.378952980041504
24,sae_input,has_alice xor label,0.19427204132080078,0.9406602382659912,0.2748398780822754,0.921535849571228,8.378952980041504
24,sae_input,has_not xor label,0.05370233580470085,0.9928959012031555,0.17055557668209076,0.9883138537406921,8.378952980041504
24,sae_recons,label,0.28777721524238586,0.9653154611587524,0.4255853295326233,0.9632720947265625,8.378952980041504
24,sae_recons,has_alice,6.030750591889955e-05,1.0,0.021918468177318573,0.9966610670089722,8.378952980041504
24,sae_recons,has_not,8.69232053446467e-07,1.0,1.0740913714002431e-10,1.0,8.378952980041504
24,sae_recons,has_alice xor has_not,0.469510555267334,0.9210196137428284,0.5473345518112183,0.9115191698074341,8.378952980041504
24,sae_recons,has_alice xor label,0.4740888476371765,0.8871709108352661,0.5894731879234314,0.8747912645339966,8.378952980041504
24,sae_recons,has_not xor label,0.08245132863521576,0.9870455265045166,0.18462437391281128,0.9816360473632812,8.378952980041504
24,sae_diff,label,0.03417947515845299,0.9912243485450745,0.07279232144355774,0.9833054542541504,8.378952980041504
24,sae_diff,has_alice,6.630028792642406e-07,1.0,0.00013904062507208437,1.0,8.378952980041504
24,sae_diff,has_not,1.2292987321416149e-06,1.0,1.2257797834536177e-06,1.0,8.378952980041504
24,sae_diff,has_alice xor has_not,0.03066500648856163,0.9928959012031555,0.046378303319215775,0.9899832606315613,8.378952980041504
24,sae_diff,has_alice xor label,0.17561602592468262,0.9364813566207886,0.3298434019088745,0.918196976184845,8.378952980041504
24,sae_diff,has_not xor label,0.011303403414785862,0.9974926710128784,0.07837315648794174,0.9916527271270752,8.378952980041504
25,sae_input,label,0.05690259113907814,0.9949853420257568,0.057470016181468964,0.9933221936225891,8.22840404510498
25,sae_input,has_alice,9.429383680981118e-06,1.0,5.201203521210118e-07,1.0,8.22840404510498
25,sae_input,has_not,2.383876821258294e-16,1.0,4.248605648141801e-25,1.0,8.22840404510498
25,sae_input,has_alice xor has_not,0.006546206306666136,0.9987463355064392,0.0004834933206439018,1.0,8.22840404510498
25,sae_input,has_alice xor label,1.2273567914962769,0.7551190853118896,1.227595329284668,0.7412353754043579,8.22840404510498
25,sae_input,has_not xor label,0.3764108121395111,0.9761804938316345,0.37751299142837524,0.9799665808677673,8.22840404510498
25,sae_recons,label,0.07182137668132782,0.9895528554916382,0.043872516602277756,0.9883138537406921,8.22840404510498
25,sae_recons,has_alice,7.36183039862226e-07,1.0,0.0007285557803697884,1.0,8.22840404510498
25,sae_recons,has_not,4.482669879735113e-08,1.0,2.27671819175157e-07,1.0,8.22840404510498
25,sae_recons,has_alice xor has_not,0.10408777743577957,0.9728373885154724,0.053804878145456314,0.9816360473632812,8.22840404510498
25,sae_recons,has_alice xor label,1.5765613317489624,0.7684913873672485,1.7186026573181152,0.7378965020179749,8.22840404510498
25,sae_recons,has_not xor label,0.09628955274820328,0.9878813028335571,0.07475429773330688,0.9866443872451782,8.22840404510498
25,sae_diff,label,0.03319220244884491,0.9941495656967163,0.04975806921720505,0.9949916005134583,8.22840404510498
25,sae_diff,has_alice,7.016433755779872e-06,1.0,8.518632967025042e-06,1.0,8.22840404510498
25,sae_diff,has_not,3.3449200032009685e-07,1.0,1.1261026777731331e-08,1.0,8.22840404510498
25,sae_diff,has_alice xor has_not,0.00013890452100895345,1.0,0.0003511538961902261,1.0,8.22840404510498
25,sae_diff,has_alice xor label,0.16333024203777313,0.9527789354324341,0.184137225151062,0.9382303357124329,8.22840404510498
25,sae_diff,has_not xor label,0.006601919420063496,0.9987463355064392,0.00252089137211442,0.9983305335044861,8.22840404510498
26,sae_input,label,0.1991082727909088,0.9732552766799927,0.24879726767539978,0.9716193079948425,8.294337034225464
26,sae_input,has_alice,3.90524834692485e-11,1.0,7.786515876517797e-10,1.0,8.294337034225464
26,sae_input,has_not,9.32153852772899e-07,1.0,3.13110442205872e-23,1.0,8.294337034225464
26,sae_input,has_alice xor has_not,0.03429010882973671,0.9916422367095947,0.037982840090990067,0.9883138537406921,8.294337034225464
26,sae_input,has_alice xor label,0.2898304760456085,0.9143334627151489,0.47157472372055054,0.8881468772888184,8.294337034225464
26,sae_input,has_not xor label,0.09142952412366867,0.9916422367095947,0.017852434888482094,0.9966610670089722,8.294337034225464
26,sae_recons,label,0.22470185160636902,0.9665691256523132,0.2631813585758209,0.9649415612220764,8.294337034225464
26,sae_recons,has_alice,1.7463220274294144e-06,1.0,1.3631515685119666e-06,1.0,8.294337034225464
26,sae_recons,has_not,3.6384268931044517e-09,1.0,9.455723530560345e-12,1.0,8.294337034225464
26,sae_recons,has_alice xor has_not,0.10517504066228867,0.9707480072975159,0.18911145627498627,0.9582637548446655,8.294337034225464
26,sae_recons,has_alice xor label,0.44929978251457214,0.8850814700126648,0.5783503651618958,0.8697829246520996,8.294337034225464
26,sae_recons,has_not xor label,0.09357666224241257,0.9832845330238342,0.07947047054767609,0.9833054542541504,8.294337034225464
26,sae_diff,label,0.06051737442612648,0.9916422367095947,0.058350589126348495,0.9883138537406921,8.294337034225464
26,sae_diff,has_alice,2.5944259505195078e-06,1.0,3.5307339203427546e-06,1.0,8.294337034225464
26,sae_diff,has_not,1.5632144467758735e-08,1.0,1.1510928210611837e-08,1.0,8.294337034225464
26,sae_diff,has_alice xor has_not,0.005399393383413553,0.9987463355064392,0.0037902852054685354,0.9983305335044861,8.294337034225464
26,sae_diff,has_alice xor label,0.07186278700828552,0.9740910530090332,0.19321346282958984,0.9482470750808716,8.294337034225464
26,sae_diff,has_not xor label,0.014958441257476807,0.9974926710128784,0.01102963276207447,0.9983305335044861,8.294337034225464
27,sae_input,label,1.813442587852478,0.8290848135948181,1.758110761642456,0.821368932723999,9.439005851745605
27,sae_input,has_alice,2.8906524676131085e-06,1.0,0.022311190143227577,0.9983305335044861,9.439005851745605
27,sae_input,has_not,1.058379314297273e-16,1.0,1.5921106655270023e-09,1.0,9.439005851745605
27,sae_input,has_alice xor has_not,0.014093958772718906,0.9974926710128784,0.017342625185847282,0.9933221936225891,9.439005851745605
27,sae_input,has_alice xor label,0.3258662521839142,0.906811535358429,0.37563246488571167,0.9015024900436401,9.439005851745605
27,sae_input,has_not xor label,0.04283187910914421,0.9933137893676758,0.02551703341305256,0.9949916005134583,9.439005851745605
27,sae_recons,label,0.08221513032913208,0.9837024211883545,0.10625907778739929,0.9849749207496643,9.439005851745605
27,sae_recons,has_alice,5.937452442594804e-05,1.0,0.021128512918949127,0.9983305335044861,9.439005851745605
27,sae_recons,has_not,5.248596153251128e-07,1.0,2.27671819175157e-07,1.0,9.439005851745605
27,sae_recons,has_alice xor has_not,0.09053189307451248,0.9778520464897156,0.12500229477882385,0.9732887744903564,9.439005851745605
27,sae_recons,has_alice xor label,0.6946715712547302,0.8733806610107422,0.8602129817008972,0.8547579050064087,9.439005851745605
27,sae_recons,has_not xor label,0.04933244735002518,0.9912243485450745,0.07126450538635254,0.9866443872451782,9.439005851745605
27,sae_diff,label,0.03478303179144859,0.9912243485450745,0.029941443353891373,0.9899832606315613,9.439005851745605
27,sae_diff,has_alice,3.870450200338382e-06,1.0,3.746477887034416e-05,1.0,9.439005851745605
27,sae_diff,has_not,6.288839813350933e-07,1.0,7.2873103817983065e-06,1.0,9.439005851745605
27,sae_diff,has_alice xor has_not,0.0020760023035109043,0.9995821118354797,0.016463888809084892,0.9916527271270752,9.439005851745605
27,sae_diff,has_alice xor label,0.18510878086090088,0.9473463892936707,0.29199349880218506,0.9315525889396667,9.439005851745605
27,sae_diff,has_not xor label,0.014379756525158882,0.9928959012031555,0.029163913801312447,0.9933221936225891,9.439005851745605
28,sae_input,label,1.2363598346710205,0.8549937009811401,1.273437261581421,0.8580967783927917,8.509222984313965
28,sae_input,has_alice,1.6190408587135607e-06,1.0,0.00046463534818030894,1.0,8.509222984313965
28,sae_input,has_not,7.970533122403367e-10,1.0,6.249143853680984e-27,1.0,8.509222984313965
28,sae_input,has_alice xor has_not,0.05041109398007393,0.9874634146690369,0.08811010420322418,0.9799665808677673,8.509222984313965
28,sae_input,has_alice xor label,0.11731034517288208,0.9607187509536743,0.19867302477359772,0.9515859484672546,8.509222984313965
28,sae_input,has_not xor label,0.07414047420024872,0.9945674538612366,0.09304210543632507,0.9899832606315613,8.509222984313965
28,sae_recons,label,0.6394280195236206,0.9193480610847473,0.7453063130378723,0.9065108299255371,8.509222984313965
28,sae_recons,has_alice,0.23375311493873596,0.9736731648445129,0.18219268321990967,0.9666109681129456,8.509222984313965
28,sae_recons,has_not,4.782346962883821e-09,1.0,2.606720866466856e-16,1.0,8.509222984313965
28,sae_recons,has_alice xor has_not,0.06242038682103157,0.9874634146690369,0.12040967494249344,0.9732887744903564,8.509222984313965
28,sae_recons,has_alice xor label,0.4429401457309723,0.9043042063713074,0.4542545974254608,0.8881468772888184,8.509222984313965
28,sae_recons,has_not xor label,0.05315215140581131,0.993731677532196,0.2165890485048294,0.9816360473632812,8.509222984313965
28,sae_diff,label,0.03666861727833748,0.9949853420257568,0.02869856171309948,0.9966610670089722,8.509222984313965
28,sae_diff,has_alice,9.917043541918247e-08,1.0,1.208554323284261e-08,1.0,8.509222984313965
28,sae_diff,has_not,1.290078799343064e-08,1.0,3.769464254621546e-11,1.0,8.509222984313965
28,sae_diff,has_alice xor has_not,0.0002137879782821983,1.0,0.0007073091110214591,1.0,8.509222984313965
28,sae_diff,has_alice xor label,0.2321283519268036,0.9414960145950317,0.5177813172340393,0.8931552171707153,8.509222984313965
28,sae_diff,has_not xor label,0.015570337884128094,0.9962390065193176,0.036658402532339096,0.9933221936225891,8.509222984313965
29,sae_input,label,0.10432266443967819,0.9882991909980774,0.11173379421234131,0.9883138537406921,8.069170236587524
29,sae_input,has_alice,8.600768524047453e-07,1.0,8.633092875243165e-06,1.0,8.069170236587524
29,sae_input,has_not,3.782733291915508e-21,1.0,1.4386294773275715e-16,1.0,8.069170236587524
29,sae_input,has_alice xor has_not,0.020218519493937492,0.9949853420257568,0.07208336889743805,0.9916527271270752,8.069170236587524
29,sae_input,has_alice xor label,0.759789228439331,0.865440845489502,1.0321881771087646,0.821368932723999,8.069170236587524
29,sae_input,has_not xor label,0.024505356326699257,0.9962390065193176,0.048581961542367935,0.9933221936225891,8.069170236587524
29,sae_recons,label,0.054117102175951004,0.9891349673271179,0.21835346519947052,0.9732887744903564,8.069170236587524
29,sae_recons,has_alice,0.06515377014875412,0.984538197517395,0.09282242506742477,0.9799665808677673,8.069170236587524
29,sae_recons,has_not,1.3076859595173573e-09,1.0,2.4737542503316945e-07,1.0,8.069170236587524
29,sae_recons,has_alice xor has_not,0.12188919633626938,0.9824487566947937,0.2025308459997177,0.9766277074813843,8.069170236587524
29,sae_recons,has_alice xor label,3.374241590499878,0.6376932263374329,3.1348836421966553,0.6761268377304077,8.069170236587524
29,sae_recons,has_not xor label,0.13624252378940582,0.9795235991477966,0.1252511441707611,0.9682804346084595,8.069170236587524
29,sae_diff,label,0.02998434193432331,0.9941495656967163,0.043123405426740646,0.9933221936225891,8.069170236587524
29,sae_diff,has_alice,6.573834070877638e-06,1.0,1.8352175175095908e-06,1.0,8.069170236587524
29,sae_diff,has_not,3.3577304131560126e-11,1.0,6.91121840645792e-07,1.0,8.069170236587524
29,sae_diff,has_alice xor has_not,0.009273970499634743,0.9962390065193176,0.02477140538394451,0.9883138537406921,8.069170236587524
29,sae_diff,has_alice xor label,0.5939821004867554,0.8483075499534607,0.5750778317451477,0.8764607310295105,8.069170236587524
29,sae_diff,has_not xor label,0.008072298020124435,0.9979105591773987,0.014831761829555035,0.9983305335044861,8.069170236587524
